,job_id,build_target,build_tool,build_canceled_open_pr_on_branch,errors,failures,problems,warnings,skipped_words,lines,words,exceptions,error_classes,tests_total,tests_passed,tests_failed,tests_skipped,failed_tasks
0,78379169,,[],False,0,0,0,0,0,123,1992,[],[],0,0,0,0,[]
1,67049890,,[],False,0,0,0,0,0,110,1973,[],[],0,0,0,0,[]
2,69123885,,['grunt'],False,0,10,0,0,1,1962,12465,"['UnsupportedCommand', 'UnsupportedCommand', 'UnsupportedCommand', 'WebDriver', 'WebDriver', 'UnsupportedOperation', 'ElementNotVisible', 'ElementNotVisible', 'NoSuchElement', 'NoSuchElement', 'NoSuchElement', 'NoSuchElement', 'NoSuchElement', 'NoSuchElement']",[],47,46,1,0,[]
3,74538998,,[],False,0,0,0,0,0,123,1985,[],[],0,0,0,0,[]
4,69747215,,['grunt'],False,0,16,0,0,0,903,8164,[],[],110,96,14,0,[]
5,75090429,,['grunt'],False,0,6,0,0,0,873,9282,[],[],146,135,11,0,[]
6,70069488,,['grunt'],False,0,68,0,0,0,2237,13946,[],[],120,40,80,0,[]
7,78379170,,[],False,0,0,0,0,0,123,2011,[],[],0,0,0,0,[]
8,69432779,,['grunt'],False,0,5,0,0,0,547,5919,[],[],70,69,1,0,[]
9,74538999,,[],False,0,0,0,0,0,123,1985,[],[],0,0,0,0,[]
10,69749705,,['grunt'],False,0,16,0,0,0,916,8357,[],[],112,98,14,0,[]
11,75093751,,['grunt'],False,0,5,0,0,0,633,9555,[],[],146,145,1,0,[]
12,70181733,,['grunt'],False,0,8,0,0,1,331,3764,[],[],113,112,1,0,[]
13,78379171,,[],False,0,0,0,0,0,123,1991,[],[],0,0,0,0,[]
14,69433483,,['grunt'],False,0,13,0,0,0,705,6506,[],[],70,61,9,0,[]
15,74539000,,[],False,0,0,0,0,0,123,1994,[],[],0,0,0,0,[]
16,69755879,,['grunt'],False,0,6,0,0,0,580,6156,[],[],74,72,2,0,[]
17,75258152,,['grunt'],False,0,4,0,0,0,646,9627,[],[],151,150,1,0,[]
18,70190889,,[],False,0,0,0,0,0,121,1957,[],[],0,0,0,0,[]
19,78458505,,[],False,0,0,0,0,0,47,1906,[],[],0,0,0,0,[]
20,69436530,,['grunt'],False,0,6,0,0,0,564,5971,[],[],70,68,2,0,[]
21,74539001,,[],False,0,0,0,0,0,123,1984,[],[],0,0,0,0,[]
22,69769098,,['grunt'],False,0,6,0,0,0,581,6153,[],[],74,72,2,0,[]
23,75262486,,['grunt'],False,0,5,0,0,0,634,8227,[],[],151,150,1,0,[]
24,70190890,,[],False,0,0,0,0,0,120,1962,[],[],0,0,0,0,[]
25,78458507,,[],False,0,0,0,0,0,47,1924,[],[],0,0,0,0,[]
26,69437313,,['grunt'],False,0,6,0,0,0,565,5984,[],[],70,68,2,0,[]
27,74539002,,[],False,0,0,0,0,0,123,2014,[],[],0,0,0,0,[]
28,69856424,,['grunt'],False,0,15,0,0,0,893,8246,[],[],112,99,13,0,[]
29,75273971,,[],False,0,0,0,0,0,129,3094,[],[],0,0,0,0,[]
30,70190891,,[],False,0,0,0,0,0,120,1975,[],[],0,0,0,0,[]
31,67532286,,[],False,0,0,0,0,0,122,2514,[],[],0,0,0,0,[]
32,78458508,,[],False,0,0,0,0,0,48,1912,[],[],0,0,0,0,[]
33,69439889,,['grunt'],False,0,6,0,0,0,582,6112,[],[],70,68,2,0,[]
34,74539003,,[],False,0,0,0,0,0,123,1997,[],[],0,0,0,0,[]
35,69863782,,['grunt'],False,0,16,0,0,0,932,8363,[],[],112,98,14,0,[]
36,75281916,,['grunt'],False,0,4,0,0,0,641,8341,[],[],152,151,1,0,[]
37,70191103,,[],False,0,0,0,0,0,120,1944,[],[],0,0,0,0,[]
38,78458509,,[],False,0,0,0,0,0,48,1927,[],[],0,0,0,0,[]
39,74538994,,[],False,6,1,0,0,0,237,3584,['MissingProject'],[],0,0,0,0,[]
40,69440712,,['grunt'],False,0,5,0,0,0,545,5904,[],[],70,69,1,0,[]
41,74539004,,[],False,0,0,0,0,0,123,1992,[],[],0,0,0,0,[]
42,69864575,,['grunt'],False,0,4,0,0,0,565,6097,[],[],74,73,1,0,[]
43,75420410,,['grunt'],False,0,4,0,0,0,648,8483,[],[],159,158,1,0,[]
44,70379895,,[],False,0,0,0,0,0,132,3090,[],[],0,0,0,0,[]
45,78458510,,[],False,0,0,0,0,0,48,1917,[],[],0,0,0,0,[]
46,69441177,,['grunt'],False,0,5,0,0,0,544,5902,[],[],70,69,1,0,[]
47,74539222,,[],False,0,0,0,0,0,138,2037,[],[],0,0,0,0,[]
48,69869608,,['grunt'],False,0,16,0,0,0,932,8383,[],[],112,98,14,0,[]
49,75423900,,['grunt'],False,0,5,0,0,0,644,8423,[],[],159,158,1,0,[]
50,70379897,,[],False,0,0,0,0,0,129,3076,[],[],0,0,0,0,[]
51,78458512,,[],False,0,0,0,0,0,48,1967,[],[],0,0,0,0,[]
52,69442892,,['grunt'],False,0,7,0,0,0,584,6059,[],[],70,67,3,0,[]
53,74539226,,[],False,0,0,0,0,0,139,2051,[],[],0,0,0,0,[]
54,69877479,,['grunt'],False,0,5,0,0,0,695,7517,[],[],113,110,3,0,[]
55,75439057,,['grunt'],False,0,4,0,0,0,648,8526,[],[],159,158,1,0,[]
56,70609728,,['grunt'],False,0,4,0,0,0,572,7449,[],[],120,119,1,0,[]
57,78458513,,[],False,0,0,0,0,0,48,1917,[],[],0,0,0,0,[]
58,69445272,,['grunt'],False,0,6,0,0,0,564,5956,[],[],70,68,2,0,[]
59,74539227,,[],False,0,0,0,0,0,139,2028,[],[],0,0,0,0,[]
60,67533906,,[],False,0,0,0,0,0,123,2331,[],[],0,0,0,0,[]
61,69882021,,['grunt'],False,0,5,0,0,0,694,7526,[],[],113,110,3,0,[]
62,75599433,,['grunt'],False,0,4,0,0,0,649,8463,[],[],159,158,1,0,[]
63,71042494,,['grunt'],False,0,4,0,0,0,572,7454,[],[],120,119,1,0,[]
64,78462061,,[],False,0,0,0,0,0,47,1916,[],[],0,0,0,0,[]
65,69448120,,['grunt'],False,0,5,0,0,0,546,5902,[],[],70,69,1,0,[]
66,74539228,,[],False,0,0,0,0,0,139,2028,[],[],0,0,0,0,[]
67,69882588,,['grunt'],False,0,4,0,0,0,674,7440,[],[],113,111,2,0,[]
68,75892962,,['grunt'],False,0,4,0,0,0,647,8534,[],[],159,158,1,0,[]
69,71305153,,['grunt'],False,0,4,0,0,0,572,7440,[],[],120,119,1,0,[]
70,67533907,,[],False,0,0,0,0,0,123,2345,[],[],0,0,0,0,[]
71,67049891,,[],False,0,0,0,0,0,110,1965,[],[],0,0,0,0,[]
72,78462062,,[],False,0,0,0,0,0,47,1741,[],[],0,0,0,0,[]
73,69449613,,['grunt'],False,0,6,0,0,0,565,5977,[],[],70,68,2,0,[]
74,74567003,,['grunt'],False,0,4,0,0,0,624,8037,[],[],142,141,1,0,[]
75,69893610,,['grunt'],False,0,4,0,0,0,675,7434,[],[],113,111,2,0,[]
76,75934904,,['grunt'],False,0,4,0,0,0,638,8478,[],[],159,158,1,0,[]
77,71395223,,['grunt'],False,0,4,0,0,0,581,8783,[],[],120,119,1,0,[]
78,67533908,,[],False,0,0,0,0,0,123,2331,[],[],0,0,0,0,[]
79,69452700,,['grunt'],False,0,5,0,0,0,536,5764,[],[],61,60,1,0,[]
80,74573041,,['grunt'],False,0,5,0,0,0,619,8026,[],[],142,141,1,0,[]
81,69923018,,['grunt'],False,0,8,0,0,0,547,7042,[],[],113,112,1,0,[]
82,75934905,,[],False,25,27,1,7,0,509,4460,"['ProjectBuilding', 'UnresolvableModel', 'ArtifactResolution', 'ArtifactTransfer', 'TransferFailed', 'UnknownHost', 'UnresolvableModel', 'ArtifactResolution', 'ArtifactTransfer', 'new', 'UnresolvableModel', 'ArtifactResolution', 'ArtifactTransfer', 'new', 'UnresolvableModel', 'ArtifactResolution', 'ArtifactTransfer', 'new', 'UnresolvableModel', 'ArtifactResolution', 'ArtifactTransfer', 'new', 'UnresolvableModel', 'ArtifactResolution', 'ArtifactTransfer', 'new']",[],0,0,0,0,[]
83,71782739,,['grunt'],False,0,5,0,0,0,576,8224,[],[],120,119,1,0,[]
84,67853225,,[],False,0,0,0,0,0,124,1951,[],[],0,0,0,0,[]
85,69452734,,['grunt'],False,0,5,0,0,0,537,5770,[],[],61,60,1,0,[]
86,74573704,,['grunt'],False,0,5,0,0,0,677,9223,[],[],142,139,3,0,[]
87,69925083,,['grunt'],False,0,8,0,0,1,312,3588,[],[],113,112,1,0,[]
88,75934906,,[],False,25,27,1,7,0,508,4456,"['ProjectBuilding', 'UnresolvableModel', 'ArtifactResolution', 'ArtifactTransfer', 'TransferFailed', 'UnknownHost', 'UnresolvableModel', 'ArtifactResolution', 'ArtifactTransfer', 'new', 'UnresolvableModel', 'ArtifactResolution', 'ArtifactTransfer', 'new', 'UnresolvableModel', 'ArtifactResolution', 'ArtifactTransfer', 'new', 'UnresolvableModel', 'ArtifactResolution', 'ArtifactTransfer', 'new', 'UnresolvableModel', 'ArtifactResolution', 'ArtifactTransfer', 'new']",[],0,0,0,0,[]
89,71834795,,['grunt'],False,0,4,0,0,0,572,7560,[],[],120,119,1,0,[]
90,67532289,,[],False,0,0,0,0,0,122,2514,[],[],0,0,0,0,[]
91,67853226,,[],False,0,1,0,0,0,131,1994,[],[],0,0,0,0,[]
92,69455188,,['grunt'],False,0,5,0,0,0,537,5759,[],[],61,60,1,0,[]
93,74885988,,['grunt'],False,0,4,0,0,0,614,7981,[],[],142,141,1,0,[]
94,69934084,,['grunt'],False,0,8,0,0,1,312,3582,[],[],113,112,1,0,[]
95,75934907,,[],False,25,27,1,7,0,509,4396,"['ProjectBuilding', 'UnresolvableModel', 'ArtifactResolution', 'ArtifactTransfer', 'TransferFailed', 'UnknownHost', 'UnresolvableModel', 'ArtifactResolution', 'ArtifactTransfer', 'new', 'UnresolvableModel', 'ArtifactResolution', 'ArtifactTransfer', 'new', 'UnresolvableModel', 'ArtifactResolution', 'ArtifactTransfer', 'new', 'UnresolvableModel', 'ArtifactResolution', 'ArtifactTransfer', 'new', 'UnresolvableModel', 'ArtifactResolution', 'ArtifactTransfer', 'new']",[],0,0,0,0,[]
96,71961263,,['grunt'],False,0,4,0,0,0,573,7463,[],[],120,119,1,0,[]
97,67853454,,[],False,0,0,0,0,0,131,2218,[],[],0,0,0,0,[]
98,69606520,,['grunt'],False,0,4,0,0,0,543,5890,[],[],70,69,1,0,[]
99,74910541,,['grunt'],False,0,4,0,0,0,623,8054,[],[],142,141,1,0,[]
100,69941503,,['grunt'],False,0,8,0,0,1,331,3718,[],[],113,112,1,0,[]
101,75934908,,[],False,25,27,1,7,0,508,4446,"['ProjectBuilding', 'UnresolvableModel', 'ArtifactResolution', 'ArtifactTransfer', 'TransferFailed', 'UnknownHost', 'UnresolvableModel', 'ArtifactResolution', 'ArtifactTransfer', 'new', 'UnresolvableModel', 'ArtifactResolution', 'ArtifactTransfer', 'new', 'UnresolvableModel', 'ArtifactResolution', 'ArtifactTransfer', 'new', 'UnresolvableModel', 'ArtifactResolution', 'ArtifactTransfer', 'new', 'UnresolvableModel', 'ArtifactResolution', 'ArtifactTransfer', 'new']",[],0,0,0,0,[]
102,72122596,,['grunt'],False,0,4,0,0,0,580,7612,[],[],120,119,1,0,[]
103,67853455,,[],False,0,0,0,0,0,131,2198,[],[],0,0,0,0,[]
104,67532287,,[],False,0,0,0,0,0,122,2523,[],[],0,0,0,0,[]
105,69744622,,['grunt'],False,0,16,0,0,0,900,8157,[],[],110,96,14,0,[]
106,75080447,,['grunt'],False,0,6,0,0,0,875,9259,[],[],146,135,11,0,[]
107,70023611,,['grunt'],False,0,4,0,0,0,551,7164,[],[],113,112,1,0,[]
108,75934909,,[],False,25,27,1,7,0,508,4450,"['ProjectBuilding', 'UnresolvableModel', 'ArtifactResolution', 'ArtifactTransfer', 'TransferFailed', 'UnknownHost', 'UnresolvableModel', 'ArtifactResolution', 'ArtifactTransfer', 'new', 'UnresolvableModel', 'ArtifactResolution', 'ArtifactTransfer', 'new', 'UnresolvableModel', 'ArtifactResolution', 'ArtifactTransfer', 'new', 'UnresolvableModel', 'ArtifactResolution', 'ArtifactTransfer', 'new', 'UnresolvableModel', 'ArtifactResolution', 'ArtifactTransfer', 'new']",[],0,0,0,0,[]
109,72247727,,['grunt'],False,0,5,0,0,0,579,8262,[],[],120,119,1,0,[]
110,77141834,,['grunt'],False,0,6,0,0,0,901,10242,[],[],167,158,9,0,[]
111,68496688,,[],False,6,19,0,1,0,1658,9830,"['NotConnected', 'Execution', 'WebDriver', 'InvocationTarget', 'WebDriver', 'InvocationTarget', 'InvocationTarget', 'WebDriver', 'NotConnected', 'NotConnected', 'Execution', 'WebDriver', 'InvocationTarget', 'WebDriver', 'InvocationTarget', 'InvocationTarget', 'WebDriver', 'NotConnected', 'NotConnected', 'Execution', 'WebDriver', 'InvocationTarget', 'WebDriver', 'InvocationTarget', 'InvocationTarget', 'WebDriver', 'NotConnected', 'NotConnected', 'Execution', 'WebDriver', 'InvocationTarget', 'WebDriver', 'InvocationTarget', 'InvocationTarget', 'WebDriver', 'NotConnected', 'LifecycleExecution', 'MojoFailure', 'TaskRunner']",[],0,0,0,0,[]
112,72790888,,[],False,0,0,0,0,0,124,2059,[],[],0,0,0,0,[]
113,75934910,,[],False,25,27,1,7,0,508,4459,"['ProjectBuilding', 'UnresolvableModel', 'ArtifactResolution', 'ArtifactTransfer', 'TransferFailed', 'UnknownHost', 'UnresolvableModel', 'ArtifactResolution', 'ArtifactTransfer', 'new', 'UnresolvableModel', 'ArtifactResolution', 'ArtifactTransfer', 'new', 'UnresolvableModel', 'ArtifactResolution', 'ArtifactTransfer', 'new', 'UnresolvableModel', 'ArtifactResolution', 'ArtifactTransfer', 'new', 'UnresolvableModel', 'ArtifactResolution', 'ArtifactTransfer', 'new']",[],0,0,0,0,[]
114,72309355,,['grunt'],False,0,4,0,0,0,565,7396,[],[],120,119,1,0,[]
115,77141836,,[],False,0,0,0,0,0,126,2063,[],[],0,0,0,0,[]
116,68797547,,[],False,0,7,0,63,25,2769,65995,"['BufferUnderflow', 'MaximumCyclesToFound', 'BufferUnderflow', 'IllegalState', 'Connection', 'IllegalState', 'Connection', 'IllegalState', 'Connection']",[],0,0,0,0,[]
117,72790889,,[],False,0,0,0,0,0,124,2041,[],[],0,0,0,0,[]
118,75934911,,[],False,25,27,1,7,0,508,4293,"['ProjectBuilding', 'UnresolvableModel', 'ArtifactResolution', 'ArtifactTransfer', 'TransferFailed', 'UnknownHost', 'UnresolvableModel', 'ArtifactResolution', 'ArtifactTransfer', 'new', 'UnresolvableModel', 'ArtifactResolution', 'ArtifactTransfer', 'new', 'UnresolvableModel', 'ArtifactResolution', 'ArtifactTransfer', 'new', 'UnresolvableModel', 'ArtifactResolution', 'ArtifactTransfer', 'new', 'UnresolvableModel', 'ArtifactResolution', 'ArtifactTransfer', 'new']",[],0,0,0,0,[]
119,72317548,,['grunt'],False,0,5,0,0,0,569,7423,[],[],120,119,1,0,[]
120,77151884,,['grunt'],False,0,43,0,0,0,1480,12335,[],[],173,134,39,0,[]
121,67532375,,[],False,0,0,0,0,0,123,2336,[],[],0,0,0,0,[]
122,68809966,,[],False,0,7,0,63,25,2550,13903,"['BufferUnderflow', 'MaximumCyclesToFound', 'BufferUnderflow', 'IllegalState', 'Connection', 'IllegalState', 'Connection', 'IllegalState', 'Connection']",[],0,0,0,0,[]
123,72790890,,[],False,0,0,0,0,0,124,2025,[],[],0,0,0,0,[]
124,75934912,,[],False,25,27,1,7,0,508,4461,"['ProjectBuilding', 'UnresolvableModel', 'ArtifactResolution', 'ArtifactTransfer', 'TransferFailed', 'UnknownHost', 'UnresolvableModel', 'ArtifactResolution', 'ArtifactTransfer', 'new', 'UnresolvableModel', 'ArtifactResolution', 'ArtifactTransfer', 'new', 'UnresolvableModel', 'ArtifactResolution', 'ArtifactTransfer', 'new', 'UnresolvableModel', 'ArtifactResolution', 'ArtifactTransfer', 'new', 'UnresolvableModel', 'ArtifactResolution', 'ArtifactTransfer', 'new']",[],0,0,0,0,[]
125,72459483,,['grunt'],False,0,5,0,0,0,568,7437,[],[],120,119,1,0,[]
126,77163491,,['grunt'],False,0,6,0,0,0,765,9761,[],[],173,170,3,0,[]
127,60497826,,[],False,10,0,1,0,0,176,3383,['ProjectBuilding'],[],0,0,0,0,[]
128,68815615,,[],False,0,10,0,63,24,4793,32936,"['BufferUnderflow', 'MaximumCyclesToFound', 'BufferUnderflow', 'IllegalState', 'Connection', 'IllegalState', 'IllegalState', 'RackInitialization', 'RackInitialization', 'Raise', 'RackInitialization', 'RackInitialization', 'Raise', 'RackInitialization', 'RackInitialization', 'Raise']",[],0,0,0,0,[]
129,72955029,,['grunt'],False,0,4,0,0,0,574,7442,[],[],120,119,1,0,[]
130,76119012,,[],False,0,0,0,0,0,125,2068,[],[],0,0,0,0,[]
131,62977829,,[],False,0,1,0,1,0,382,2947,[],[],0,0,0,0,[]
132,72790026,,['grunt'],False,0,2,0,0,0,553,7328,[],[],120,120,0,0,[]
133,77310577,,['grunt'],False,0,5,0,0,0,711,9439,[],[],173,172,1,0,[]
134,68826615,,[],False,0,1,1,0,0,153,2106,[],[],0,0,0,0,[]
135,73205851,,['grunt'],False,0,4,0,0,0,575,7471,[],[],120,119,1,0,[]
136,76119014,,[],False,0,0,0,0,0,126,2074,[],[],0,0,0,0,[]
137,72790027,,[],False,0,0,0,0,0,124,2045,[],[],0,0,0,0,[]
138,77313603,,['grunt'],False,0,5,0,0,0,712,9426,[],[],173,172,1,0,[]
139,68840201,,[],False,0,2,0,0,0,120,1938,[],[],0,0,0,0,[]
140,73207462,,['grunt'],False,0,5,0,0,0,626,9093,[],[],142,141,1,0,[]
141,76119020,,[],False,0,0,0,0,0,126,2071,[],[],0,0,0,0,[]
142,72790028,,[],False,0,0,0,0,0,124,2062,[],[],0,0,0,0,[]
143,77328676,,['grunt'],False,0,5,0,0,0,714,9253,[],[],168,166,2,0,[]
144,68840202,,[],False,0,2,0,0,0,120,1934,[],[],0,0,0,0,[]
145,73384965,,['grunt'],False,0,4,0,0,0,619,8559,[],[],142,141,1,0,[]
146,67049234,,[],False,0,0,0,0,0,110,1951,[],[],0,0,0,0,[]
147,76119021,,[],False,0,0,0,0,0,126,2093,[],[],0,0,0,0,[]
148,72790029,,[],False,0,0,0,0,0,124,2040,[],[],0,0,0,0,[]
149,77328721,,['grunt'],False,0,5,0,0,0,744,10731,[],[],174,172,2,0,[]
150,68840203,,[],False,0,2,0,0,0,120,1948,[],[],0,0,0,0,[]
151,73390258,,['grunt'],False,0,4,0,0,0,621,8098,[],[],142,141,1,0,[]
152,76119023,,[],False,0,0,0,0,0,125,2061,[],[],0,0,0,0,[]
153,67532374,,[],False,0,0,0,0,0,123,2341,[],[],0,0,0,0,[]
154,67532373,,[],False,0,0,0,0,0,123,2361,[],[],0,0,0,0,[]
155,72790030,,[],False,0,0,0,0,0,124,2053,[],[],0,0,0,0,[]
156,68848010,,[],False,0,2,0,0,0,120,1948,[],[],0,0,0,0,[]
157,73580370,,['grunt'],False,0,4,0,0,0,623,8105,[],[],142,141,1,0,[]
158,77330098,,['grunt'],False,0,4,0,0,0,717,9472,[],[],173,172,1,0,[]
159,76462584,,['grunt'],False,0,5,0,0,0,678,8882,[],[],168,167,1,0,[]
160,72790031,,[],False,0,0,0,0,0,124,2045,[],[],0,0,0,0,[]
161,77339761,,['grunt'],False,0,4,0,0,0,742,9634,[],[],174,172,2,0,[]
162,68848011,,[],False,0,2,0,0,0,120,1939,[],[],0,0,0,0,[]
163,73843942,,['grunt'],False,0,5,0,0,0,617,8057,[],[],142,141,1,0,[]
164,76464277,,['grunt'],False,0,5,0,0,0,676,8879,[],[],168,167,1,0,[]
165,72790032,,[],False,0,0,0,0,0,124,2040,[],[],0,0,0,0,[]
166,77345895,,['grunt'],False,0,4,0,0,0,761,9663,[],[],174,172,2,0,[]
167,68848012,,[],False,0,2,0,0,0,120,1929,[],[],0,0,0,0,[]
168,73860174,,['grunt'],False,0,4,0,0,0,621,8091,[],[],142,141,1,0,[]
169,77111438,,['grunt'],False,0,4,0,0,0,695,9170,[],[],168,167,1,0,[]
170,72790033,,[],False,0,0,0,0,0,124,2040,[],[],0,0,0,0,[]
171,77346031,,['grunt'],False,0,4,0,0,0,762,9673,[],[],174,172,2,0,[]
172,69002365,,['grunt'],False,0,4,0,0,1,406,4604,[],[],35,34,1,0,[]
173,74134243,,['grunt'],False,0,4,0,0,0,612,8089,[],[],142,141,1,0,[]
174,77120680,,[],False,0,0,0,0,0,126,2053,[],[],0,0,0,0,[]
175,72790883,,['grunt'],False,0,2,0,0,0,553,7336,[],[],120,120,0,0,[]
176,77348396,,['grunt'],False,0,4,0,0,0,741,9629,[],[],174,172,2,0,[]
177,69008946,,['grunt'],False,0,4,0,0,1,428,4676,[],[],35,33,2,0,[]
178,74243548,,[],False,0,0,0,0,0,122,1964,[],[],0,0,0,0,[]
179,67049233,,[],False,0,0,0,0,0,110,1956,[],[],0,0,0,0,[]
180,77121197,,[],False,0,0,0,0,0,126,2049,[],[],0,0,0,0,[]
181,72790884,,[],False,0,0,0,0,0,124,2040,[],[],0,0,0,0,[]
182,77539977,,['grunt'],False,0,5,0,0,0,735,9558,[],[],174,172,2,0,[]
183,69094950,,['grunt'],False,0,4,0,0,1,470,4810,[],[],35,31,4,0,[]
184,74245308,,['grunt'],False,0,5,0,0,0,619,7986,[],[],142,141,1,0,[]
185,77121854,,[],False,0,0,0,0,0,127,2064,[],[],0,0,0,0,[]
186,72790885,,[],False,0,0,0,0,0,124,2040,[],[],0,0,0,0,[]
187,77639538,,['grunt'],False,0,4,0,0,0,3153,20159,[],[],174,78,96,0,[]
188,65230940,,[],False,11,0,1,0,0,182,2361,"['ProjectBuilding', 'ModelParse', 'XmlPullParser']",[],0,0,0,0,[]
189,69095799,,['grunt'],False,0,4,0,0,1,431,5017,[],[],47,46,1,0,[]
190,74371089,,['grunt'],False,0,4,0,0,0,623,8896,[],[],142,141,1,0,[]
191,77126175,,[],False,0,0,0,0,0,126,2043,[],[],0,0,0,0,[]
192,72790886,,[],False,0,0,0,0,0,124,2060,[],[],0,0,0,0,[]
193,78379167,,[],False,0,0,0,0,0,123,2007,[],[],0,0,0,0,[]
194,69095894,,['grunt'],False,0,4,0,0,1,443,5005,[],[],47,46,1,0,[]
195,74536726,,[],False,6,1,0,0,0,235,3659,['MissingProject'],[],0,0,0,0,[]
196,77126180,,[],False,0,2,0,0,0,134,2361,[],[],0,0,0,0,[]
197,72790887,,[],False,0,0,0,0,0,124,2050,[],[],0,0,0,0,[]
198,78379168,,[],False,0,0,0,0,0,123,2001,[],[],0,0,0,0,[]
199,69103996,,['grunt'],False,0,4,0,0,1,453,5012,[],[],47,45,2,0,[]
200,81526171,,['grunt'],False,0,6,0,0,0,698,9086,[],[],166,164,2,0,[]
201,81995672,,['grunt'],False,0,5,0,0,0,686,8975,[],[],166,165,1,0,[]
202,84052955,,[],False,0,0,0,0,0,124,2010,[],[],0,0,0,0,[]
203,81414716,,['grunt'],False,0,6,0,0,0,699,9153,[],[],167,165,2,0,[]
204,81928587,,['grunt'],False,0,5,0,0,0,679,9003,[],[],166,165,1,0,[]
205,84052958,,[],False,0,0,0,0,0,125,2027,[],[],0,0,0,0,[]
206,79802684,,['grunt'],False,0,5,0,0,0,628,7827,[],[],108,107,1,0,[]
207,81414718,,['grunt'],False,0,6,0,0,0,699,9109,[],[],167,165,2,0,[]
208,82739367,,[],False,0,0,0,0,0,124,2088,[],[],0,0,0,0,[]
209,84055248,,[],False,15,2,1,3,0,290,2699,"['ProjectBuilding', 'UnresolvableModel', 'ArtifactResolution', 'ArtifactTransfer', 'TransferFailed', 'UnknownHost', 'PluginResolution', 'ArtifactResolution', 'ArtifactNotFound']",[],0,0,0,0,[]
210,81928589,,['grunt'],False,0,5,0,0,0,678,9027,[],[],166,165,1,0,[]
211,81938164,,['grunt'],False,0,5,0,0,0,678,9025,[],[],166,165,1,0,[]
212,81920072,,['grunt'],False,0,5,0,0,0,678,9049,[],[],166,165,1,0,[]
213,79668342,,['grunt'],False,0,5,0,0,0,629,7827,[],[],108,107,1,0,[]
214,81414478,,['grunt'],False,0,7,0,0,0,724,9184,[],[],167,164,3,0,[]
215,81414477,,['grunt'],False,0,5,0,0,0,680,9020,[],[],167,166,1,0,[]
216,84052956,,[],False,0,0,0,0,0,124,2020,[],[],0,0,0,0,[]
217,84054232,,[],False,0,1,0,2,1,487,9107,[],[],0,0,0,0,[]
218,79636637,,[],False,0,0,0,0,0,119,1986,[],[],0,0,0,0,[]
219,81930785,,['grunt'],False,0,5,0,0,0,679,9033,[],[],166,165,1,0,[]
220,81424403,,['grunt'],False,0,5,0,0,0,679,9030,[],[],167,166,1,0,[]
221,84055246,,[],False,15,2,1,3,0,290,2719,"['ProjectBuilding', 'UnresolvableModel', 'ArtifactResolution', 'ArtifactTransfer', 'TransferFailed', 'UnknownHost', 'PluginResolution', 'ArtifactResolution', 'ArtifactNotFound']",[],0,0,0,0,[]
222,81967655,,['grunt'],False,0,5,0,0,0,681,9120,[],[],166,165,1,0,[]
223,84054235,,[],False,0,1,0,2,1,487,9357,[],[],0,0,0,0,[]
224,81995683,,['grunt'],False,0,6,0,0,0,704,9109,[],[],166,164,2,0,[]
225,84054233,,[],False,0,1,0,2,1,488,8789,[],[],0,0,0,0,[]
226,81127265,,['grunt'],False,0,7,0,0,0,728,10553,[],[],167,164,3,0,[]
227,81424400,,['grunt'],False,0,5,0,0,0,679,9008,[],[],167,166,1,0,[]
228,81526169,,['grunt'],False,0,5,0,0,0,679,9019,[],[],166,165,1,0,[]
229,84054231,,[],False,0,1,0,2,1,487,9111,[],[],0,0,0,0,[]
230,84055244,,[],False,15,2,1,3,0,291,2717,"['ProjectBuilding', 'UnresolvableModel', 'ArtifactResolution', 'ArtifactTransfer', 'TransferFailed', 'UnknownHost', 'PluginResolution', 'ArtifactResolution', 'ArtifactNotFound']",[],0,0,0,0,[]
231,81526175,,['grunt'],False,0,6,0,0,0,698,9061,[],[],166,164,2,0,[]
232,81418032,,['grunt'],False,0,6,0,0,0,699,9127,[],[],167,165,2,0,[]
233,81962821,,['grunt'],False,0,5,0,0,0,683,9073,[],[],166,165,1,0,[]
234,81995676,,['grunt'],False,0,5,0,0,0,686,9132,[],[],166,165,1,0,[]
235,84052961,,[],False,0,0,0,0,0,125,2035,[],[],0,0,0,0,[]
236,81526164,,['grunt'],False,0,5,0,0,0,678,8998,[],[],166,165,1,0,[]
237,84055243,,[],False,15,2,1,3,0,292,2744,"['ProjectBuilding', 'UnresolvableModel', 'ArtifactResolution', 'ArtifactTransfer', 'TransferFailed', 'UnknownHost', 'PluginResolution', 'ArtifactResolution', 'ArtifactNotFound']",[],0,0,0,0,[]
238,81526170,,['grunt'],False,0,5,0,0,0,678,8997,[],[],166,165,1,0,[]
239,84054237,,[],False,0,1,0,2,1,488,9818,[],[],0,0,0,0,[]
240,81962852,,['grunt'],False,0,5,0,0,0,679,9018,[],[],166,165,1,0,[]
241,81526165,,['grunt'],False,0,8,0,0,0,738,9226,[],[],166,162,4,0,[]
242,81950730,,['grunt'],False,0,5,0,0,0,679,9007,[],[],166,165,1,0,[]
243,81950724,,['grunt'],False,0,5,0,0,0,684,9056,[],[],166,165,1,0,[]
244,81526163,,['grunt'],False,0,6,0,0,0,698,9083,[],[],166,164,2,0,[]
245,81930250,,['grunt'],False,0,5,0,0,0,684,9092,[],[],166,165,1,0,[]
246,84055836,,[],False,10,3,1,4,1,599,9592,"['ProjectBuilding', 'UnresolvableModel', 'ArtifactResolution', 'ArtifactTransfer', 'TransferFailed', 'UnknownHost']",[],0,0,0,0,[]
247,81127241,,['grunt'],False,0,6,0,0,0,701,9103,[],[],167,165,2,0,[]
248,81526168,,['grunt'],False,0,5,0,0,0,678,9019,[],[],166,165,1,0,[]
249,81424406,,['grunt'],False,0,5,0,0,0,679,9010,[],[],167,166,1,0,[]
250,81962853,,['grunt'],False,0,5,0,0,0,679,9004,[],[],166,165,1,0,[]
251,81920060,,['grunt'],False,0,6,0,0,0,698,9090,[],[],166,164,2,0,[]
252,84052960,,[],False,0,0,0,0,0,125,2021,[],[],0,0,0,0,[]
253,84055240,,[],False,11,0,0,1,0,148,2255,[],[],0,0,0,0,[]
254,79812191,,['grunt'],False,0,5,0,0,0,620,7786,[],[],108,107,1,0,[]
255,81526178,,['grunt'],False,0,6,0,0,0,698,9069,[],[],166,164,2,0,[]
256,81967629,,['grunt'],False,0,5,0,0,0,681,9124,[],[],166,165,1,0,[]
257,81414474,,['grunt'],False,0,5,0,0,0,680,9053,[],[],167,166,1,0,[]
258,81526167,,['grunt'],False,0,6,0,0,0,698,9081,[],[],166,164,2,0,[]
259,81414715,,['grunt'],False,0,6,0,0,0,700,9114,[],[],167,165,2,0,[]
260,81424402,,['grunt'],False,0,5,0,0,0,679,9034,[],[],167,166,1,0,[]
261,84055239,,[],False,11,0,0,1,0,150,2248,[],[],0,0,0,0,[]
262,79637005,,[],False,0,0,0,0,0,119,1976,[],[],0,0,0,0,[]
263,81526160,,['grunt'],False,0,6,0,0,0,699,9069,[],[],166,164,2,0,[]
264,82878625,,['mocha'],False,0,1,0,0,0,166,7867,[],[],0,0,0,0,[]
265,81526161,,['grunt'],False,0,6,0,0,0,698,9073,[],[],166,164,2,0,[]
266,81424401,,['grunt'],False,0,5,0,0,0,680,9035,[],[],167,166,1,0,[]
267,81930245,,['grunt'],False,0,5,0,0,0,678,9051,[],[],166,165,1,0,[]
268,81920062,,['grunt'],False,0,5,0,0,0,678,9012,[],[],166,165,1,0,[]
269,81406335,,['grunt'],False,0,7,0,0,0,728,10045,[],[],167,164,3,0,[]
270,81526176,,['grunt'],False,0,6,0,0,0,699,9047,[],[],166,164,2,0,[]
271,84052954,,[],False,0,0,0,0,0,124,2013,[],[],0,0,0,0,[]
272,81995678,,['grunt'],False,0,5,0,0,0,681,9115,[],[],166,165,1,0,[]
273,84052959,,[],False,0,0,0,0,0,125,2018,[],[],0,0,0,0,[]
274,81526179,,['grunt'],False,0,5,0,0,0,678,9003,[],[],166,165,1,0,[]
275,81995705,,['grunt'],False,0,5,0,0,0,687,9143,[],[],166,165,1,0,[]
276,81928582,,['grunt'],False,0,5,0,0,0,678,9017,[],[],166,165,1,0,[]
277,81429492,,['grunt'],False,0,6,0,0,0,389,4606,[],[],0,0,0,0,[]
278,84054229,,[],False,0,1,0,2,1,487,8462,[],[],0,0,0,0,[]
279,81920071,,['grunt'],False,0,5,0,0,0,678,9030,[],[],166,165,1,0,[]
280,78462064,,[],False,0,0,0,0,0,48,1918,[],[],0,0,0,0,[]
281,81526172,,['grunt'],False,0,5,0,0,0,679,8995,[],[],166,165,1,0,[]
282,81930764,,['grunt'],False,0,5,0,0,0,679,9027,[],[],166,165,1,0,[]
283,81127267,,[],False,0,2,0,0,0,142,3489,[],[],0,0,0,0,[]
284,84055247,,[],False,15,2,1,3,0,290,2710,"['ProjectBuilding', 'UnresolvableModel', 'ArtifactResolution', 'ArtifactTransfer', 'TransferFailed', 'UnknownHost', 'PluginResolution', 'ArtifactResolution', 'ArtifactNotFound']",[],0,0,0,0,[]
285,81418029,,['grunt'],False,0,6,0,0,0,699,9119,[],[],167,165,2,0,[]
286,81424404,,['grunt'],False,0,5,0,0,0,679,9039,[],[],167,166,1,0,[]
287,81950713,,['grunt'],False,0,5,0,0,0,678,9001,[],[],166,165,1,0,[]
288,81526166,,['grunt'],False,0,6,0,0,0,699,9107,[],[],166,164,2,0,[]
289,81950742,,['grunt'],False,0,5,0,0,0,678,9000,[],[],166,165,1,0,[]
290,81348032,,['grunt'],False,0,5,0,0,0,679,9045,[],[],167,166,1,0,[]
291,84054230,,[],False,0,1,0,2,1,486,9405,[],[],0,0,0,0,[]
292,81526162,,['grunt'],False,0,6,0,0,0,698,9096,[],[],166,164,2,0,[]
293,84052962,,[],False,0,0,0,0,0,125,2012,[],[],0,0,0,0,[]
294,84054238,,[],False,0,1,0,2,1,488,8196,[],[],0,0,0,0,[]
295,79670303,,['grunt'],False,0,13,0,0,0,762,8300,[],[],108,100,8,0,[]
296,81987343,,['grunt'],False,0,5,0,0,0,686,9147,[],[],166,165,1,0,[]
297,81930783,,['grunt'],False,0,5,0,0,0,678,9031,[],[],166,165,1,0,[]
298,79672236,,['grunt'],False,0,13,0,0,0,771,9322,[],[],108,100,8,0,[]
299,81418030,,['grunt'],False,0,6,0,0,0,699,9109,[],[],167,165,2,0,[]
300,81526174,,['grunt'],False,0,5,0,0,0,678,9009,[],[],166,165,1,0,[]
301,81962848,,['grunt'],False,0,5,0,0,0,678,9025,[],[],166,165,1,0,[]
302,84052957,,[],False,0,0,0,0,0,124,2024,[],[],0,0,0,0,[]
303,84055238,,[],False,11,0,1,1,0,209,2362,"['ProjectBuilding', 'PluginResolution', 'ArtifactResolution', 'ArtifactNotFound']",[],0,0,0,0,[]
304,82149397,,['grunt'],False,0,5,0,0,0,679,9029,[],[],167,166,1,0,[]
305,84055837,,[],False,10,3,1,4,1,599,10324,"['ProjectBuilding', 'UnresolvableModel', 'ArtifactResolution', 'ArtifactTransfer', 'TransferFailed', 'UnknownHost']",[],0,0,0,0,[]
306,81526183,,['grunt'],False,0,6,0,0,0,698,9074,[],[],166,164,2,0,[]
307,81732650,,['grunt'],False,0,5,0,0,0,681,9761,[],[],167,166,1,0,[]
308,82172816,,['grunt'],False,0,5,0,0,0,707,9103,[],[],167,166,1,0,[]
309,81526181,,['grunt'],False,0,5,0,0,0,678,8993,[],[],166,165,1,0,[]
310,81098580,,['grunt'],False,0,6,0,0,0,709,10472,[],[],167,165,2,0,[]
311,81429493,,['grunt'],False,0,6,0,0,0,716,9159,[],[],166,162,4,0,[]
312,81526188,,['grunt'],False,0,6,0,0,0,698,9061,[],[],166,164,2,0,[]
313,82737021,,[],False,0,0,0,0,0,125,2129,[],[],0,0,0,0,[]
314,84055839,,[],False,10,3,1,4,1,601,9556,"['ProjectBuilding', 'UnresolvableModel', 'ArtifactResolution', 'ArtifactTransfer', 'TransferFailed', 'UnknownHost']",[],0,0,0,0,[]
315,81127239,,[],False,0,0,0,0,0,128,2145,[],[],0,0,0,0,[]
316,81526186,,['grunt'],False,0,6,0,0,0,698,9061,[],[],166,164,2,0,[]
317,81542773,,['grunt'],False,0,5,0,0,0,678,9028,[],[],166,165,1,0,[]
318,80673595,,[],False,3,27,0,51,85,3909,21759,"['BufferUnderflow', 'MaximumCyclesToFound', 'IO', 'UnrecoverableKey', 'Lifecycle', 'Lifecycle', 'IO', 'UnrecoverableKey', 'Runtime', 'Lifecycle', 'Lifecycle', 'Lifecycle', 'Lifecycle', 'Socket', 'IllegalState', 'NoSuchDirectory', 'IllegalState', 'NoSuchDirectory', 'IllegalState', 'Message', 'RackInitialization', 'NullPointer', 'RackInitialization', 'NullPointer', 'IllegalState', 'Socket', 'Socket', 'Socket', 'NoSuchDirectory']",[],0,0,0,0,[]
319,82555967,,['grunt'],False,0,6,0,0,0,699,9118,[],[],167,165,2,0,[]
320,84055840,,[],False,10,3,1,4,1,599,8916,"['ProjectBuilding', 'UnresolvableModel', 'ArtifactResolution', 'ArtifactTransfer', 'TransferFailed', 'UnknownHost']",[],0,0,0,0,[]
321,79835849,,['grunt'],False,0,5,0,0,0,628,7829,[],[],108,107,1,0,[]
322,81436241,,['grunt'],False,0,6,0,0,0,698,9094,[],[],166,164,2,0,[]
323,81545459,,['grunt'],False,0,5,0,0,0,678,9032,[],[],167,166,1,0,[]
324,81438196,,['grunt'],False,0,5,0,0,0,687,9436,[],[],167,166,1,0,[]
325,81562257,,['grunt'],False,0,5,0,0,0,678,9004,[],[],166,165,1,0,[]
326,81920056,,['grunt'],False,0,6,0,0,0,698,9104,[],[],166,164,2,0,[]
327,84055841,,[],False,10,3,1,4,1,600,9396,"['ProjectBuilding', 'UnresolvableModel', 'ArtifactResolution', 'ArtifactTransfer', 'TransferFailed', 'UnknownHost']",[],0,0,0,0,[]
328,81920051,,['grunt'],False,0,6,0,0,0,698,9118,[],[],166,164,2,0,[]
329,81418036,,['grunt'],False,0,6,0,0,0,699,9100,[],[],167,165,2,0,[]
330,81666085,,['grunt'],False,0,5,0,0,0,688,9832,[],[],167,166,1,0,[]
331,82290618,,[],False,0,0,0,0,0,125,2093,[],[],0,0,0,0,[]
332,81526180,,['grunt'],False,0,6,0,0,0,698,9046,[],[],166,164,2,0,[]
333,81580427,,['grunt'],False,0,5,0,0,0,688,9982,[],[],167,166,1,0,[]
334,81920048,,['grunt'],False,0,5,0,0,0,678,9034,[],[],166,165,1,0,[]
335,84057357,,[],False,11,1,1,3,1,560,9203,"['ProjectBuilding', 'PluginResolution', 'ArtifactResolution', 'ArtifactNotFound']",[],0,0,0,0,[]
336,81436237,,['grunt'],False,0,5,0,0,0,679,9025,[],[],166,165,1,0,[]
337,82160176,,['grunt'],False,0,5,0,0,0,687,9103,[],[],167,165,2,0,[]
338,81418034,,['grunt'],False,0,6,0,0,0,699,9149,[],[],167,165,2,0,[]
339,81920055,,['grunt'],False,0,6,0,0,0,698,9094,[],[],166,164,2,0,[]
340,82169788,,[],False,0,0,0,0,0,125,2143,[],[],0,0,0,0,[]
341,78462066,,[],False,0,0,0,0,0,48,1918,[],[],0,0,0,0,[]
342,84057358,,[],False,11,1,0,3,1,501,9130,[],[],0,0,0,0,[]
343,80812704,,['grunt'],False,0,10,0,0,0,690,8394,[],[],113,109,4,0,[]
344,81580690,,['grunt'],False,0,5,0,0,0,681,9042,[],[],167,166,1,0,[]
345,84057359,,[],False,11,1,0,3,1,499,9418,[],[],0,0,0,0,[]
346,81564877,,['grunt'],False,0,5,0,0,0,683,9050,[],[],167,166,1,0,[]
347,78462068,,[],False,0,0,0,0,0,48,1923,[],[],0,0,0,0,[]
348,84057361,,[],False,15,3,1,5,1,642,9842,"['ProjectBuilding', 'UnresolvableModel', 'ArtifactResolution', 'ArtifactTransfer', 'TransferFailed', 'UnknownHost', 'PluginResolution', 'ArtifactResolution', 'ArtifactNotFound']",[],0,0,0,0,[]
349,80986343,,['grunt'],False,0,6,0,0,0,634,7965,[],[],113,112,1,0,[]
350,81436219,,['grunt'],False,0,5,0,0,0,679,9278,[],[],166,165,1,0,[]
351,82725081,,[],False,0,0,0,0,0,144,3183,[],[],0,0,0,0,[]
352,84057362,,[],False,15,3,1,5,1,642,9643,"['ProjectBuilding', 'UnresolvableModel', 'ArtifactResolution', 'ArtifactTransfer', 'TransferFailed', 'UnknownHost', 'PluginResolution', 'ArtifactResolution', 'ArtifactNotFound']",[],0,0,0,0,[]
353,81038387,,['grunt'],False,0,5,0,0,0,679,9024,[],[],167,166,1,0,[]
354,82159585,,['grunt'],False,0,5,0,0,0,687,9299,[],[],167,166,1,0,[]
355,81418035,,['grunt'],False,0,7,0,0,0,720,9202,[],[],167,164,3,0,[]
356,82171852,,['grunt'],False,0,6,0,0,0,700,9118,[],[],167,165,2,0,[]
357,79616390,,['grunt'],False,0,5,0,0,0,201,2328,[],[],0,0,0,0,[]
358,84057363,,[],False,15,3,1,5,1,642,9801,"['ProjectBuilding', 'UnresolvableModel', 'ArtifactResolution', 'ArtifactTransfer', 'TransferFailed', 'UnknownHost', 'PluginResolution', 'ArtifactResolution', 'ArtifactNotFound']",[],0,0,0,0,[]
359,81424398,,['grunt'],False,0,5,0,0,0,680,9056,[],[],167,166,1,0,[]
360,81542776,,['grunt'],False,0,5,0,0,0,679,9031,[],[],166,165,1,0,[]
361,81100937,,['grunt'],False,0,6,0,0,0,701,9109,[],[],167,165,2,0,[]
362,78462067,,[],False,0,0,0,0,0,48,1976,[],[],0,0,0,0,[]
363,84057364,,[],False,15,3,1,5,1,642,9362,"['ProjectBuilding', 'UnresolvableModel', 'ArtifactResolution', 'ArtifactTransfer', 'TransferFailed', 'UnknownHost', 'PluginResolution', 'ArtifactResolution', 'ArtifactNotFound']",[],0,0,0,0,[]
364,81540338,,['grunt'],False,0,5,0,0,0,678,9004,[],[],166,165,1,0,[]
365,81526187,,['grunt'],False,0,6,0,0,0,698,9066,[],[],166,164,2,0,[]
366,80923924,,[],False,3,19,3,62,82,4421,23952,"['BufferUnderflow', 'MaximumCyclesToFound', 'Message', 'RackInitialization', 'NullPointer', 'RackInitialization', 'NullPointer', 'IllegalState', 'Socket', 'Socket', 'Socket', 'RackInitialization', 'RackInitialization', 'Raise', 'RackInitialization', 'RackInitialization', 'Raise', 'Raise', 'RackInitialization', 'RackInitialization', 'Raise', 'RackInitialization', 'RackInitialization', 'Raise']",[],0,0,0,0,[]
367,81526185,,['grunt'],False,0,6,0,0,0,698,9058,[],[],166,164,2,0,[]
368,84057365,,[],False,15,3,1,5,1,642,10211,"['ProjectBuilding', 'UnresolvableModel', 'ArtifactResolution', 'ArtifactTransfer', 'TransferFailed', 'UnknownHost', 'PluginResolution', 'ArtifactResolution', 'ArtifactNotFound']",[],0,0,0,0,[]
369,80794223,,['grunt'],False,0,8,0,0,0,649,8013,[],[],113,111,2,0,[]
370,81466788,,['grunt'],False,0,5,0,0,0,685,9051,[],[],167,166,1,0,[]
371,81100947,,['grunt'],False,0,6,0,0,0,708,10446,[],[],167,165,2,0,[]
372,82182417,,['grunt'],False,0,5,0,0,0,678,9015,[],[],167,166,1,0,[]
373,81540332,,['grunt'],False,0,5,0,0,0,678,9035,[],[],166,165,1,0,[]
374,81038692,,['grunt'],False,0,7,0,0,0,629,8041,[],[],113,112,1,0,[]
375,81436227,,['grunt'],False,0,5,0,0,0,678,8990,[],[],166,165,1,0,[]
376,81526184,,['grunt'],False,0,5,0,0,0,679,8974,[],[],166,165,1,0,[]
377,81590091,,['grunt'],False,0,5,0,0,0,679,9043,[],[],167,166,1,0,[]
378,80983710,,['grunt'],False,0,7,0,0,0,629,7928,[],[],113,112,1,0,[]
379,82164193,,['grunt'],False,0,6,0,0,0,700,9113,[],[],167,165,2,0,[]
380,81098604,,['grunt'],False,0,6,0,0,0,700,9097,[],[],167,165,2,0,[]
381,79817043,,['grunt'],False,0,6,0,0,0,632,8701,[],[],108,107,1,0,[]
382,79636318,,[],False,0,0,0,0,0,119,1971,[],[],0,0,0,0,[]
383,81526159,,['grunt'],False,0,6,0,0,0,698,9061,[],[],166,164,2,0,[]
384,81562244,,['grunt'],False,0,5,0,0,0,678,9056,[],[],166,165,1,0,[]
385,81542762,,['grunt'],False,0,5,0,0,0,679,9008,[],[],166,165,1,0,[]
386,82448983,,[],False,0,0,0,0,0,144,3164,[],[],0,0,0,0,[]
387,81424392,,['grunt'],False,0,6,0,0,0,700,9127,[],[],167,165,2,0,[]
388,81526182,,['grunt'],False,0,6,0,0,0,698,9066,[],[],166,164,2,0,[]
389,81540343,,['grunt'],False,0,5,0,0,0,679,9037,[],[],166,165,1,0,[]
390,81608579,,['grunt'],False,0,6,0,0,0,698,9096,[],[],167,165,2,0,[]
391,82159087,,['grunt'],False,0,5,0,0,0,681,9040,[],[],167,166,1,0,[]
392,81920045,,['grunt'],False,0,5,0,0,0,678,9038,[],[],166,165,1,0,[]
393,79849476,,['grunt'],False,0,3,0,0,0,661,8890,[],[],167,167,0,0,[]
394,81424388,,['grunt'],False,0,5,0,0,0,679,9050,[],[],167,166,1,0,[]
395,82179266,,[],False,0,0,0,0,0,129,2161,[],[],0,0,0,0,[]
396,78462065,,[],False,0,0,0,0,0,48,1927,[],[],0,0,0,0,[]
397,82561372,,['grunt'],False,0,5,0,0,0,678,9050,[],[],167,166,1,0,[]
398,81652901,,['grunt'],False,0,5,0,0,0,680,9047,[],[],167,166,1,0,[]
399,81424390,,['grunt'],False,0,5,0,0,0,680,9036,[],[],167,166,1,0,[]
400,86568592,,[],False,0,0,0,0,0,131,2121,[],[],0,0,0,0,[]
401,100821702,IT,[],False,10,2,1,3,0,247,2535,"['ProjectBuilding', 'UnresolvableModel', 'ArtifactResolution', 'ArtifactTransfer', 'TransferFailed', 'UnknownHost']",[],0,0,0,0,[]
402,84060220,,[],False,10,1,1,4,1,299,2881,"['ProjectBuilding', 'ModelParse', 'XmlPullParser']",[],0,0,0,0,[]
403,86568589,,[],False,0,0,0,0,0,131,2115,[],[],0,0,0,0,[]
404,103585120,IT,[],False,0,0,0,0,0,126,2499,[],[],0,0,0,0,[]
405,85098286,,[],False,10,2,1,367,0,612,6544,"['ProjectBuilding', 'UnresolvableModel', 'ArtifactResolution', 'ArtifactTransfer', 'TransferFailed', 'UnknownHost']",[],0,0,0,0,[]
406,84060219,,[],False,10,1,1,4,1,299,2876,"['ProjectBuilding', 'ModelParse', 'XmlPullParser']",[],0,0,0,0,[]
407,103585115,CI,[],False,0,0,0,0,0,125,2705,[],[],0,0,0,0,[]
408,85059786,,[],False,10,2,1,367,0,610,6536,"['ProjectBuilding', 'UnresolvableModel', 'ArtifactResolution', 'ArtifactTransfer', 'TransferFailed', 'UnknownHost']",[],0,0,0,0,[]
409,84519756,,[],False,10,2,1,4,0,240,2507,"['ProjectBuilding', 'UnresolvableModel', 'ArtifactResolution', 'ArtifactTransfer', 'TransferFailed', 'UnknownHost']",[],0,0,0,0,[]
410,89028453,,[],False,0,0,0,0,0,122,2016,[],[],0,0,0,0,[]
411,87675797,,[],False,10,2,1,3,0,246,2517,"['ProjectBuilding', 'UnresolvableModel', 'ArtifactResolution', 'ArtifactTransfer', 'TransferFailed', 'UnknownHost']",[],0,0,0,0,[]
412,84519757,,[],False,10,2,1,4,0,240,2495,"['ProjectBuilding', 'UnresolvableModel', 'ArtifactResolution', 'ArtifactTransfer', 'TransferFailed', 'UnknownHost']",[],0,0,0,0,[]
413,96814207,WEB,[],False,0,0,0,0,0,128,2615,[],[],0,0,0,0,[]
414,84519755,,[],False,10,2,1,4,0,240,2477,"['ProjectBuilding', 'UnresolvableModel', 'ArtifactResolution', 'ArtifactTransfer', 'TransferFailed', 'UnknownHost']",[],0,0,0,0,[]
415,85098288,,[],False,10,2,1,367,0,612,6548,"['ProjectBuilding', 'UnresolvableModel', 'ArtifactResolution', 'ArtifactTransfer', 'TransferFailed', 'UnknownHost']",[],0,0,0,0,[]
416,87675799,,[],False,10,2,1,3,0,246,2537,"['ProjectBuilding', 'UnresolvableModel', 'ArtifactResolution', 'ArtifactTransfer', 'TransferFailed', 'UnknownHost']",[],0,0,0,0,[]
417,84519870,,[],False,10,2,1,4,0,240,2480,"['ProjectBuilding', 'UnresolvableModel', 'ArtifactResolution', 'ArtifactTransfer', 'TransferFailed', 'UnknownHost']",[],0,0,0,0,[]
418,117992330,IT,[],False,0,0,0,0,0,176,2751,[],[],0,0,0,0,[]
419,84519758,,[],False,10,2,1,4,0,240,2499,"['ProjectBuilding', 'UnresolvableModel', 'ArtifactResolution', 'ArtifactTransfer', 'TransferFailed', 'UnknownHost']",[],0,0,0,0,[]
420,86568559,,[],False,0,0,0,0,0,124,2029,[],[],0,0,0,0,[]
421,107876706,,[],False,0,0,0,0,0,161,2138,[],[],0,0,0,0,[]
422,86568590,,[],False,0,0,0,0,0,131,2125,[],[],0,0,0,0,[]
423,96814205,POSTGRES,[],False,0,0,0,0,0,128,2615,[],[],0,0,0,0,[]
424,107443077,IT,[],False,0,0,0,0,0,160,2491,[],[],0,0,0,0,[]
425,86568558,,[],False,0,0,0,0,0,125,2017,[],[],0,0,0,0,[]
426,102728121,IT,[],False,0,0,0,0,0,124,2121,[],[],0,0,0,0,[]
427,85059785,,[],False,10,2,1,367,0,610,6541,"['ProjectBuilding', 'UnresolvableModel', 'ArtifactResolution', 'ArtifactTransfer', 'TransferFailed', 'UnknownHost']",[],0,0,0,0,[]
428,86572835,,[],False,0,0,0,0,0,129,2085,[],[],0,0,0,0,[]
429,84517315,,[],False,10,2,1,4,0,247,2917,"['ProjectBuilding', 'UnresolvableModel', 'ArtifactResolution', 'ArtifactTransfer', 'TransferFailed', 'UnknownHost']",[],0,0,0,0,[]
430,96814226,CI,[],False,0,0,0,0,0,121,2025,[],[],0,0,0,0,[]
431,86572816,,[],False,0,0,0,0,0,124,2015,[],[],0,0,0,0,[]
432,89028456,,[],False,0,0,0,0,0,123,1994,[],[],0,0,0,0,[]
433,84060215,,[],False,11,0,0,1,0,137,2151,[],[],0,0,0,0,[]
434,84060217,,[],False,11,0,0,1,0,136,2139,[],[],0,0,0,0,[]
435,84519871,,[],False,10,2,1,4,0,240,2498,"['ProjectBuilding', 'UnresolvableModel', 'ArtifactResolution', 'ArtifactTransfer', 'TransferFailed', 'UnknownHost']",[],0,0,0,0,[]
436,86568555,,[],False,0,0,0,0,0,125,2022,[],[],0,0,0,0,[]
437,102728116,CI,[],False,0,0,0,0,0,123,2123,[],[],0,0,0,0,[]
438,85059784,,[],False,10,2,1,367,0,610,6522,"['ProjectBuilding', 'UnresolvableModel', 'ArtifactResolution', 'ArtifactTransfer', 'TransferFailed', 'UnknownHost']",[],0,0,0,0,[]
439,117992299,IT,[],False,0,0,0,0,0,176,2797,[],[],0,0,0,0,[]
440,96814206,MYSQL,[],False,0,0,0,0,0,128,2605,[],[],0,0,0,0,[]
441,102618898,WEB,['maven'],False,12,251,1,21,243,1127,8780,"['BufferUnderflow', 'LifecycleExecution', 'MojoFailure']","['Assertion', 'Assertion']",1081,1079,2,0,[]
442,84058937,,[],False,10,3,1,6,1,342,3026,"['ProjectBuilding', 'UnresolvableModel', 'ArtifactResolution', 'ArtifactTransfer', 'TransferFailed', 'UnknownHost']",[],0,0,0,0,[]
443,85059783,,[],False,10,2,1,367,0,610,6535,"['ProjectBuilding', 'UnresolvableModel', 'ArtifactResolution', 'ArtifactTransfer', 'TransferFailed', 'UnknownHost']",[],0,0,0,0,[]
444,84517314,,[],False,10,2,1,4,0,247,2931,"['ProjectBuilding', 'UnresolvableModel', 'ArtifactResolution', 'ArtifactTransfer', 'TransferFailed', 'UnknownHost']",[],0,0,0,0,[]
445,86568598,,[],False,0,0,0,0,0,131,2125,[],[],0,0,0,0,[]
446,89028457,,[],False,0,0,0,0,0,123,2014,[],[],0,0,0,0,[]
447,103696905,IT,[],False,0,3,0,0,0,136,5821,[],[],0,0,0,0,[]
448,84517313,,[],False,10,2,1,4,0,247,2922,"['ProjectBuilding', 'UnresolvableModel', 'ArtifactResolution', 'ArtifactTransfer', 'TransferFailed', 'UnknownHost']",[],0,0,0,0,[]
449,86568554,,[],False,0,0,0,0,0,125,1982,[],[],0,0,0,0,[]
450,89028455,,[],False,0,0,0,0,0,123,2001,[],[],0,0,0,0,[]
451,84058939,,[],False,10,3,1,6,1,342,3031,"['ProjectBuilding', 'UnresolvableModel', 'ArtifactResolution', 'ArtifactTransfer', 'TransferFailed', 'UnknownHost']",[],0,0,0,0,[]
452,86568550,,[],False,0,0,0,0,0,125,2046,[],[],0,0,0,0,[]
453,102610041,WEB,['maven'],False,19,333,1,21,323,1643,11930,"['BufferUnderflow', 'LifecycleExecution', 'CompilationFailure']",[],81,81,0,0,[]
454,84529303,,[],False,10,2,1,4,0,253,2561,"['ProjectBuilding', 'UnresolvableModel', 'ArtifactResolution', 'ArtifactTransfer', 'TransferFailed', 'UnknownHost']",[],0,0,0,0,[]
455,85059782,,[],False,10,2,1,367,0,612,6530,"['ProjectBuilding', 'UnresolvableModel', 'ArtifactResolution', 'ArtifactTransfer', 'TransferFailed', 'UnknownHost']",[],0,0,0,0,[]
456,84519759,,[],False,10,2,1,4,0,240,2490,"['ProjectBuilding', 'UnresolvableModel', 'ArtifactResolution', 'ArtifactTransfer', 'TransferFailed', 'UnknownHost']",[],0,0,0,0,[]
457,84519869,,[],False,10,2,1,4,0,240,2480,"['ProjectBuilding', 'UnresolvableModel', 'ArtifactResolution', 'ArtifactTransfer', 'TransferFailed', 'UnknownHost']",[],0,0,0,0,[]
458,84058938,,[],False,10,3,1,6,1,341,3032,"['ProjectBuilding', 'UnresolvableModel', 'ArtifactResolution', 'ArtifactTransfer', 'TransferFailed', 'UnknownHost']",[],0,0,0,0,[]
459,86568597,,[],False,0,0,0,0,0,132,2131,[],[],0,0,0,0,[]
460,84517310,,[],False,10,2,1,4,0,262,2972,"['ProjectBuilding', 'UnresolvableModel', 'ArtifactResolution', 'ArtifactTransfer', 'TransferFailed', 'UnknownHost']",[],0,0,0,0,[]
461,86568596,,[],False,0,0,0,0,0,132,2132,[],[],0,0,0,0,[]
462,100821704,IT,[],False,10,2,1,3,0,247,2540,"['ProjectBuilding', 'UnresolvableModel', 'ArtifactResolution', 'ArtifactTransfer', 'TransferFailed', 'UnknownHost']",[],0,0,0,0,[]
463,86568591,,[],False,0,0,0,0,0,131,2127,[],[],0,0,0,0,[]
464,107816914,MYSQL,[],False,0,0,0,0,0,142,2492,[],[],0,0,0,0,[]
465,107117513,IT,[],False,0,0,0,0,0,142,2176,[],[],0,0,0,0,[]
466,86568547,,[],False,0,0,0,0,0,125,2029,[],[],0,0,0,0,[]
467,102360888,CI,[],False,11,1504,7,36,1513,13730,109347,"['BufferUnderflow', 'IllegalState', 'Timeout', 'IllegalArgument', 'IllegalArgument', 'IllegalArgument', 'IllegalArgument', 'IllegalState', 'IllegalArgument', 'IllegalArgument', 'NullPointer', 'IllegalArgument', 'SQL', 'SQL', 'SQL', 'ClassNotFound', 'ClassNotFound', 'IllegalArgument', 'Runtime', 'Runtime', 'Runtime', 'RejectedExecution', 'Runtime', 'Runtime', 'RejectedExecution', 'RejectedExecution', 'RejectedExecution', 'RejectedExecution', 'RejectedExecution', 'RejectedExecution', 'RejectedExecution', 'RejectedExecution', 'RejectedExecution', 'RejectedExecution', 'RejectedExecution', 'RejectedExecution', 'RejectedExecution', 'Runtime', 'set', 'RejectedExecution', 'IllegalState', 'RejectedExecution', 'NullPointer', 'Sonar', 'RejectedExecution', 'SQL', 'SQL', 'SQL', 'SQL', 'RejectedExecution', 'Interrupted', 'Email', 'Expected', 'Messaging', 'Connect', 'Email', 'Expected', 'Messaging', 'Connect', 'Email', 'Expected', 'Messaging', 'SSLHandshake', 'getSSL', 'getSSL', 'SSLHandshake', 'IllegalState', 'RejectedExecution', 'RejectedExecution', 'Runtime', 'IO', 'throwHttpIO', 'Runtime', 'InternalError', 'Runtime', 'Runtime', 'Runtime', 'IO', 'throwHttpIO']",[],0,0,0,0,[]
468,84529308,,[],False,10,2,1,4,0,253,2566,"['ProjectBuilding', 'UnresolvableModel', 'ArtifactResolution', 'ArtifactTransfer', 'TransferFailed', 'UnknownHost']",[],0,0,0,0,[]
469,107116674,IT,[],False,0,0,0,0,0,162,2254,[],[],0,0,0,0,[]
470,102149352,WEB,['maven'],False,6,5,2,9,11,246,2593,"['LifecycleExecution', 'MojoExecution']",[],0,0,0,0,[]
471,84529307,,[],False,10,2,1,4,0,253,2583,"['ProjectBuilding', 'UnresolvableModel', 'ArtifactResolution', 'ArtifactTransfer', 'TransferFailed', 'UnknownHost']",[],0,0,0,0,[]
472,102112908,WEB,['maven'],False,6,2,0,0,12,206,2410,['LifecyclePhaseNotFound'],[],0,0,0,0,[]
473,107825871,,[],False,0,0,0,0,0,161,2567,[],[],0,0,0,0,[]
474,84464752,,[],False,11,0,1,1,0,204,2414,"['ProjectBuilding', 'PluginResolution', 'ArtifactResolution', 'ArtifactNotFound']",[],0,0,0,0,[]
475,86568595,,[],False,0,0,0,0,0,132,2110,[],[],0,0,0,0,[]
476,103904134,IT,[],False,0,0,0,0,0,127,2950,[],[],0,0,0,0,[]
477,84455833,,[],False,11,0,1,1,0,202,2409,"['ProjectBuilding', 'PluginResolution', 'ArtifactResolution', 'ArtifactNotFound']",[],0,0,0,0,[]
478,87675798,,[],False,10,2,1,3,0,246,2531,"['ProjectBuilding', 'UnresolvableModel', 'ArtifactResolution', 'ArtifactTransfer', 'TransferFailed', 'UnknownHost']",[],0,0,0,0,[]
479,89028458,,[],False,0,0,0,0,0,123,1997,[],[],0,0,0,0,[]
480,100821703,IT,[],False,10,2,1,3,0,247,2540,"['ProjectBuilding', 'UnresolvableModel', 'ArtifactResolution', 'ArtifactTransfer', 'TransferFailed', 'UnknownHost']",[],0,0,0,0,[]
481,86568545,,[],False,0,0,0,0,0,124,2024,[],[],0,0,0,0,[]
482,104840197,IT,[],False,0,0,0,0,0,143,2004,[],[],0,0,0,0,[]
483,86568541,,[],False,0,0,0,0,0,124,2019,[],[],0,0,0,0,[]
484,102140661,WEB,['maven'],False,57,66,3,29,61,760,5666,"['BufferUnderflow', 'LifecycleExecution', 'CompilationFailure']",[],169,169,0,0,[]
485,84529306,,[],False,10,2,1,4,0,253,2565,"['ProjectBuilding', 'UnresolvableModel', 'ArtifactResolution', 'ArtifactTransfer', 'TransferFailed', 'UnknownHost']",[],0,0,0,0,[]
486,86568594,,[],False,0,0,0,0,0,132,2130,[],[],0,0,0,0,[]
487,84058936,,[],False,10,3,1,6,1,342,3031,"['ProjectBuilding', 'UnresolvableModel', 'ArtifactResolution', 'ArtifactTransfer', 'TransferFailed', 'UnknownHost']",[],0,0,0,0,[]
488,84455832,,[],False,11,0,1,1,0,203,2401,"['ProjectBuilding', 'PluginResolution', 'ArtifactResolution', 'ArtifactNotFound']",[],0,0,0,0,[]
489,87675801,,[],False,10,2,1,3,0,246,2512,"['ProjectBuilding', 'UnresolvableModel', 'ArtifactResolution', 'ArtifactTransfer', 'TransferFailed', 'UnknownHost']",[],0,0,0,0,[]
490,86568593,,[],False,0,0,0,0,0,132,2124,[],[],0,0,0,0,[]
491,100821701,IT,[],False,10,2,1,3,0,247,2544,"['ProjectBuilding', 'UnresolvableModel', 'ArtifactResolution', 'ArtifactTransfer', 'TransferFailed', 'UnknownHost']",[],0,0,0,0,[]
492,117992336,WEB,[],False,0,0,0,0,0,175,2802,[],[],0,0,0,0,[]
493,96814227,IT,[],False,0,0,0,0,0,122,2028,[],[],0,0,0,0,[]
494,104687425,CI,[],False,0,0,0,0,0,138,3923,[],[],0,0,0,0,[]
495,84519867,,[],False,10,2,1,4,0,468,10233,"['ProjectBuilding', 'UnresolvableModel', 'ArtifactResolution', 'ArtifactTransfer', 'TransferFailed', 'UnknownHost']",[],0,0,0,0,[]
496,86568537,,[],False,0,0,0,0,0,124,2040,[],[],0,0,0,0,[]
497,100821700,IT,[],False,10,2,1,3,0,247,2535,"['ProjectBuilding', 'UnresolvableModel', 'ArtifactResolution', 'ArtifactTransfer', 'TransferFailed', 'UnknownHost']",[],0,0,0,0,[]
498,84529305,,[],False,10,2,1,4,0,253,2564,"['ProjectBuilding', 'UnresolvableModel', 'ArtifactResolution', 'ArtifactTransfer', 'TransferFailed', 'UnknownHost']",[],0,0,0,0,[]
499,89028454,,[],False,0,0,0,0,0,122,2015,[],[],0,0,0,0,[]
500,102126639,WEB,['maven'],False,61,254,1,21,248,1296,9671,"['BufferUnderflow', 'LifecycleExecution', 'CompilationFailure']",[],1116,1116,0,0,[]
501,104581079,IT,[],False,0,0,0,0,0,140,2337,[],[],0,0,0,0,[]
502,85098287,,[],False,10,2,1,367,0,612,6543,"['ProjectBuilding', 'UnresolvableModel', 'ArtifactResolution', 'ArtifactTransfer', 'TransferFailed', 'UnknownHost']",[],0,0,0,0,[]
503,84519868,,[],False,10,2,1,4,0,240,2496,"['ProjectBuilding', 'UnresolvableModel', 'ArtifactResolution', 'ArtifactTransfer', 'TransferFailed', 'UnknownHost']",[],0,0,0,0,[]
504,84385546,,[],False,11,0,0,1,0,147,2244,[],[],0,0,0,0,[]
505,89028478,,[],False,0,0,0,0,0,131,3244,[],[],0,0,0,0,[]
506,117992229,IT,[],False,0,0,0,0,0,176,2730,[],[],0,0,0,0,[]
507,84383722,,[],False,11,0,1,1,0,204,2426,"['ProjectBuilding', 'PluginResolution', 'ArtifactResolution', 'ArtifactNotFound']",[],0,0,0,0,[]
508,89009902,,[],False,0,0,0,0,0,131,3278,[],[],0,0,0,0,[]
509,84383721,,[],False,11,0,1,1,0,204,2426,"['ProjectBuilding', 'PluginResolution', 'ArtifactResolution', 'ArtifactNotFound']",[],0,0,0,0,[]
510,98625071,WEB,[],False,0,0,0,0,0,134,7848,[],[],0,0,0,0,[]
511,85098290,,[],False,10,2,1,367,0,610,6540,"['ProjectBuilding', 'UnresolvableModel', 'ArtifactResolution', 'ArtifactTransfer', 'TransferFailed', 'UnknownHost']",[],0,0,0,0,[]
512,89009901,,[],False,0,0,0,0,0,130,3294,[],[],0,0,0,0,[]
513,89009857,,[],False,0,0,0,0,0,122,2024,[],[],0,0,0,0,[]
514,99826594,IT,[],False,0,0,0,0,0,126,2120,[],[],0,0,0,0,[]
515,86407077,,[],False,10,2,1,3,0,248,2541,"['ProjectBuilding', 'UnresolvableModel', 'ArtifactResolution', 'ArtifactTransfer', 'TransferFailed', 'UnknownHost']",[],0,0,0,0,[]
516,98143417,WEB,[],False,0,0,0,0,0,134,7727,[],[],0,0,0,0,[]
517,89028477,,[],False,0,0,0,0,0,131,3264,[],[],0,0,0,0,[]
518,117992213,CI,[],False,0,0,0,0,0,175,2529,[],[],0,0,0,0,[]
519,96814201,IT,[],False,0,0,0,0,0,129,2613,[],[],0,0,0,0,[]
520,88336169,,['mocha'],False,0,2,1,0,0,462,8877,[],[],0,0,0,0,[]
521,89028476,,[],False,0,0,0,0,0,131,3264,[],[],0,0,0,0,[]
522,116173743,IT,[],False,0,0,0,0,0,178,2436,[],[],0,0,0,0,[]
523,86407072,,[],False,10,2,1,3,0,248,2527,"['ProjectBuilding', 'UnresolvableModel', 'ArtifactResolution', 'ArtifactTransfer', 'TransferFailed', 'UnknownHost']",[],0,0,0,0,[]
524,88826564,,[],False,3,4,0,0,0,155,8451,[],[],0,0,0,0,[]
525,84383720,,[],False,11,0,1,1,0,204,2442,"['ProjectBuilding', 'PluginResolution', 'ArtifactResolution', 'ArtifactNotFound']",[],0,0,0,0,[]
526,88841331,,['mocha'],False,0,2,1,0,0,445,8872,[],[],0,0,0,0,[]
527,96814200,IT,[],False,0,0,0,0,0,129,2608,[],[],0,0,0,0,[]
528,86407067,,[],False,10,2,1,3,0,248,2532,"['ProjectBuilding', 'UnresolvableModel', 'ArtifactResolution', 'ArtifactTransfer', 'TransferFailed', 'UnknownHost']",[],0,0,0,0,[]
529,89009862,,[],False,0,0,0,0,0,122,2030,[],[],0,0,0,0,[]
530,89009859,,[],False,0,0,0,0,0,122,2028,[],[],0,0,0,0,[]
531,98127441,WEB,[],False,0,0,0,0,0,134,7748,[],[],0,0,0,0,[]
532,89009868,,[],False,0,0,0,0,0,123,2032,[],[],0,0,0,0,[]
533,89009869,,[],False,0,0,0,0,0,123,2005,[],[],0,0,0,0,[]
534,85098289,,[],False,10,2,1,367,0,612,6545,"['ProjectBuilding', 'UnresolvableModel', 'ArtifactResolution', 'ArtifactTransfer', 'TransferFailed', 'UnknownHost']",[],0,0,0,0,[]
535,89028475,,[],False,0,0,0,0,0,131,3245,[],[],0,0,0,0,[]
536,113722186,IT,[],False,10,0,1,2,0,265,2847,"['ProjectBuilding', 'UnresolvableModel', 'ArtifactResolution', 'ArtifactNotFound']",[],0,0,0,0,[]
537,84383719,,[],False,11,0,1,1,0,204,2423,"['ProjectBuilding', 'PluginResolution', 'ArtifactResolution', 'ArtifactNotFound']",[],0,0,0,0,[]
538,89028479,,[],False,0,0,0,0,0,131,3254,[],[],0,0,0,0,[]
539,89009900,,[],False,0,0,0,0,0,130,3271,[],[],0,0,0,0,[]
540,84383715,,[],False,11,0,1,1,0,208,2364,"['ProjectBuilding', 'PluginResolution', 'ArtifactResolution', 'ArtifactNotFound']",[],0,0,0,0,[]
541,88817950,,['mocha'],False,3,4,4,0,0,506,9211,[],[],0,0,0,0,[]
542,96814236,WEB,[],False,0,0,0,0,0,121,2017,[],[],0,0,0,0,[]
543,88818420,,['mocha'],False,3,4,1,0,0,469,10119,[],[],0,0,0,0,[]
544,96814234,MYSQL,[],False,0,0,0,0,0,121,2037,[],[],0,0,0,0,[]
545,89009909,,[],False,0,0,0,0,0,130,3286,[],[],0,0,0,0,[]
546,89028474,,[],False,0,0,0,0,0,130,3261,[],[],0,0,0,0,[]
547,113722183,IT,[],False,10,0,1,2,0,265,2822,"['ProjectBuilding', 'UnresolvableModel', 'ArtifactResolution', 'ArtifactNotFound']",[],0,0,0,0,[]
548,117992281,IT,[],False,0,0,0,0,0,176,2850,[],[],0,0,0,0,[]
549,84385545,,[],False,11,0,0,1,0,148,2253,[],[],0,0,0,0,[]
550,89028473,,[],False,0,0,0,0,0,130,3252,[],[],0,0,0,0,[]
551,113722181,IT,[],False,10,0,1,2,0,264,2818,"['ProjectBuilding', 'UnresolvableModel', 'ArtifactResolution', 'ArtifactNotFound']",[],0,0,0,0,[]
552,84064983,,[],False,11,0,1,1,0,192,2303,"['ProjectBuilding', 'PluginResolution', 'ArtifactResolution', 'ArtifactNotFound']",[],0,0,0,0,[]
553,96814233,POSTGRES,[],False,0,0,0,0,0,121,2031,[],[],0,0,0,0,[]
554,89028480,,[],False,0,0,0,0,0,130,3243,[],[],0,0,0,0,[]
555,87708363,,[],False,0,0,0,0,0,156,7882,[],[],0,0,0,0,[]
556,96814202,IT,[],False,0,0,0,0,0,129,2622,[],[],0,0,0,0,[]
557,89028472,,[],False,0,0,0,0,0,130,3257,[],[],0,0,0,0,[]
558,113722179,IT,[],False,10,0,1,2,0,265,2826,"['ProjectBuilding', 'UnresolvableModel', 'ArtifactResolution', 'ArtifactNotFound']",[],0,0,0,0,[]
559,84064982,,[],False,11,0,1,1,0,192,2322,"['ProjectBuilding', 'PluginResolution', 'ArtifactResolution', 'ArtifactNotFound']",[],0,0,0,0,[]
560,89009864,,[],False,0,0,0,0,0,122,2038,[],[],0,0,0,0,[]
561,89009874,,[],False,0,0,0,0,0,122,2014,[],[],0,0,0,0,[]
562,96814203,IT,[],False,0,0,0,0,0,129,2608,[],[],0,0,0,0,[]
563,98639190,WEB,[],False,0,0,0,0,0,134,7798,[],[],0,0,0,0,[]
564,84060223,,[],False,10,1,1,4,1,298,2875,"['ProjectBuilding', 'ModelParse', 'XmlPullParser']",[],0,0,0,0,[]
565,89009866,,[],False,0,0,0,0,0,123,2031,[],[],0,0,0,0,[]
566,89009873,,[],False,0,0,0,0,0,123,2011,[],[],0,0,0,0,[]
567,96814231,IT,[],False,0,0,0,0,0,122,2035,[],[],0,0,0,0,[]
568,87705508,,[],False,0,0,0,0,0,155,7778,[],[],0,0,0,0,[]
569,117992287,IT,[],False,0,0,0,0,0,176,2516,[],[],0,0,0,0,[]
570,96814199,CI,[],False,0,0,0,0,0,128,2605,[],[],0,0,0,0,[]
571,96814230,IT,[],False,0,0,0,0,0,122,2038,[],[],0,0,0,0,[]
572,89028471,,[],False,0,0,0,0,0,130,3261,[],[],0,0,0,0,[]
573,113722175,IT,[],False,10,0,1,2,0,287,2824,"['ProjectBuilding', 'UnresolvableModel', 'ArtifactResolution', 'ArtifactNotFound']",[],0,0,0,0,[]
574,89009908,,[],False,0,0,0,0,0,131,3289,[],[],0,0,0,0,[]
575,86407086,,[],False,10,2,1,3,0,248,2539,"['ProjectBuilding', 'UnresolvableModel', 'ArtifactResolution', 'ArtifactTransfer', 'TransferFailed', 'UnknownHost']",[],0,0,0,0,[]
576,86407076,,[],False,10,2,1,3,0,248,2527,"['ProjectBuilding', 'UnresolvableModel', 'ArtifactResolution', 'ArtifactTransfer', 'TransferFailed', 'UnknownHost']",[],0,0,0,0,[]
577,89028452,,[],False,0,0,0,0,0,122,2016,[],[],0,0,0,0,[]
578,89028460,,[],False,0,0,0,0,0,122,2011,[],[],0,0,0,0,[]
579,89028451,,[],False,0,0,0,0,0,122,2006,[],[],0,0,0,0,[]
580,108312623,,[],False,0,0,0,0,0,139,2127,[],[],0,0,0,0,[]
581,84060222,,[],False,10,1,1,4,1,299,2881,"['ProjectBuilding', 'ModelParse', 'XmlPullParser']",[],0,0,0,0,[]
582,89009872,,[],False,0,0,0,0,0,123,2017,[],[],0,0,0,0,[]
583,84383723,,[],False,11,0,1,1,0,204,2422,"['ProjectBuilding', 'PluginResolution', 'ArtifactResolution', 'ArtifactNotFound']",[],0,0,0,0,[]
584,96814204,IT,[],False,0,0,0,0,0,129,2613,[],[],0,0,0,0,[]
585,99826589,CI,[],False,0,0,0,0,0,125,2134,[],[],0,0,0,0,[]
586,89009898,,[],False,0,0,0,0,0,130,3276,[],[],0,0,0,0,[]
587,89009904,,[],False,0,0,0,0,0,131,3323,[],[],0,0,0,0,[]
588,96814229,IT,[],False,0,0,0,0,0,122,2020,[],[],0,0,0,0,[]
589,86568533,,[],False,0,0,0,0,0,124,2036,[],[],0,0,0,0,[]
590,90940644,,['mocha'],False,0,7,0,0,0,402,9103,[],[],162,149,1,12,[]
591,89009905,,[],False,0,0,0,0,0,131,3284,[],[],0,0,0,0,[]
592,89028459,,[],False,0,0,0,0,0,123,2032,[],[],0,0,0,0,[]
593,107880100,,[],False,0,0,0,0,0,161,2117,[],[],0,0,0,0,[]
594,87675803,,[],False,10,2,1,3,0,246,2531,"['ProjectBuilding', 'UnresolvableModel', 'ArtifactResolution', 'ArtifactTransfer', 'TransferFailed', 'UnknownHost']",[],0,0,0,0,[]
595,84060221,,[],False,10,1,1,4,1,299,2881,"['ProjectBuilding', 'ModelParse', 'XmlPullParser']",[],0,0,0,0,[]
596,84058935,,[],False,10,3,1,6,1,342,3030,"['ProjectBuilding', 'UnresolvableModel', 'ArtifactResolution', 'ArtifactTransfer', 'TransferFailed', 'UnknownHost']",[],0,0,0,0,[]
597,89009903,,[],False,0,0,0,0,0,131,3261,[],[],0,0,0,0,[]
598,89009892,,[],False,0,0,0,0,0,130,3267,[],[],0,0,0,0,[]
599,96814228,IT,[],False,0,0,0,0,0,122,2009,[],[],0,0,0,0,[]
600,235199286,BUILD,[],False,0,0,0,0,0,231,3151,[],[],0,0,0,0,[]
601,267564812,WEB_TESTS,[],False,0,0,0,0,0,569,2134,[],[],0,0,0,0,[]
602,274507138,BUILD,[],False,0,0,0,0,0,486,1967,[],[],0,0,0,0,[]
603,267572733,WEB_TESTS,[],False,0,3,0,0,0,571,2165,[],[],0,0,0,0,[]
604,267576139,WEB_TESTS,[],False,0,12,0,0,0,578,2231,[],[],0,0,0,0,[]
605,137436166,IT,[],False,10,0,1,1,0,342,4636,['ProjectBuilding'],[],0,0,0,0,[]
606,224267464,BUILD,[],False,0,1,0,0,0,375,2833,[],[],0,0,0,0,[]
607,122435650,WEB,[],False,0,0,0,0,0,175,2498,[],[],0,0,0,0,[]
608,163740139,CI,[],False,0,0,0,0,0,187,2593,[],[],0,0,0,0,[]
609,267553118,BUILD,[],False,0,0,0,0,0,569,2134,[],[],0,0,0,0,[]
610,122435646,IT,[],False,0,0,0,0,0,176,2642,[],[],0,0,0,0,[]
611,291403851,BUILD,[],False,0,0,0,0,0,580,2171,[],[],0,0,0,0,[]
612,211741273,WEB_TESTS,[],False,0,0,0,0,0,219,4738,[],[],0,0,0,0,[]
613,267577580,WEB_TESTS,[],False,0,0,0,0,0,569,2134,[],[],0,0,0,0,[]
614,158507697,WEB,[],False,0,0,0,0,0,296,2522,[],[],0,0,0,0,[]
615,223857343,WEB_TESTS,[],False,0,0,0,0,0,191,2410,[],[],0,0,0,0,[]
616,267584029,WEB_TESTS,[],False,0,0,0,0,0,569,2134,[],[],0,0,0,0,[]
617,137436167,IT,[],False,10,0,1,1,0,342,4628,['ProjectBuilding'],[],0,0,0,0,[]
618,231834409,BUILD,[],False,0,0,0,0,0,181,2469,[],[],0,0,0,0,[]
619,278297308,IT,[],False,0,0,0,0,0,489,1991,[],[],0,0,0,0,[]
620,138883372,CI,[],False,0,0,0,0,0,292,3593,[],[],0,0,0,0,[]
621,267576171,WEB_TESTS,[],False,0,0,0,0,0,574,2149,[],[],0,0,0,0,[]
622,229101957,WEB_TESTS,[],False,0,0,0,0,0,203,2429,[],[],0,0,0,0,[]
623,229101956,BUILD,[],False,0,0,0,0,0,203,2425,[],[],0,0,0,0,[]
624,235104657,BUILD,[],False,0,0,0,0,0,228,3133,[],[],0,0,0,0,[]
625,221257916,BUILD,[],False,0,2,0,0,0,458,4229,[],[],0,0,0,0,[]
626,220560282,BUILD,[],False,0,2,0,0,0,270,2758,[],[],0,0,0,0,[]
627,231833985,BUILD,[],False,0,0,0,0,0,189,2578,[],[],0,0,0,0,[]
628,291402477,BUILD,[],False,0,0,0,0,0,576,2158,[],[],0,0,0,0,[]
629,122436035,CI,[],False,0,0,0,0,0,175,2425,[],[],0,0,0,0,[]
630,278297307,IT,[],False,0,0,0,0,0,489,1991,[],[],0,0,0,0,[]
631,235116944,BUILD,[],False,0,0,0,0,0,247,3253,[],[],0,0,0,0,[]
632,231833017,BUILD,[],False,0,0,0,0,0,186,2676,[],[],0,0,0,0,[]
633,235554803,BUILD,[],False,0,0,0,0,0,237,3736,[],[],0,0,0,0,[]
634,224238659,BUILD,[],False,0,0,0,0,0,321,2580,[],[],0,0,0,0,[]
635,261037986,BUILD,[],False,0,0,0,0,0,571,2141,[],[],0,0,0,0,[]
636,267564926,BUILD,[],False,0,0,0,0,0,573,2147,[],[],0,0,0,0,[]
637,163742477,CI,[],False,0,0,0,0,0,187,2617,[],[],0,0,0,0,[]
638,224476804,BUILD,[],False,0,60,0,0,0,624,4243,[],[],0,0,0,0,[]
639,231841178,BUILD,[],False,0,0,0,0,0,238,3130,[],[],0,0,0,0,[]
640,267542578,WEB_TESTS,[],False,0,0,0,0,0,574,2149,[],[],0,0,0,0,[]
641,278297306,IT,[],False,0,0,0,0,0,489,1991,[],[],0,0,0,0,[]
642,122436036,IT,[],False,0,0,0,0,0,174,2394,[],[],0,0,0,0,[]
643,267577579,BUILD,[],False,0,0,0,0,0,569,2134,[],[],0,0,0,0,[]
644,137436164,IT,[],False,10,0,1,1,0,342,4657,['ProjectBuilding'],[],0,0,0,0,[]
645,208181208,BUILD,['yarn'],False,331,1899,4,527,1916,25641,182922,"['BufferUnderflow', 'Expected', 'Expected', 'Expected', 'Expected', 'InstanceNotFound', 'Expected', 'IllegalState', 'Timeout', 'IllegalArgument', 'IllegalArgument', 'IllegalArgument', 'IllegalArgument', 'IllegalState', 'IllegalArgument', 'IllegalArgument', 'NullPointer', 'IllegalArgument', 'SQL', 'Expected', 'SQL', 'Expected', 'SQL', 'Expected', 'InstanceNotFound', 'Runtime', 'Expected', 'NullPointer', 'IllegalState', 'InvalidProtocolBuffer', 'IllegalState', 'IllegalState', 'IllegalState', 'IllegalState', 'Runtime', 'Runtime', 'IllegalArgument', 'Expected', 'Runtime', 'Runtime', 'IllegalArgument', 'Runtime', 'Elasticsearch', 'Interrupted', 'Runtime', 'Runtime', 'NullPointer', 'Sonar', 'Runtime', 'Expected', 'Runtime', 'Expected', 'Runtime', 'Runtime', 'IllegalArgument', 'Expected', 'set', 'IllegalState', 'Expected', 'Email', 'Expected', 'Messaging', 'Connect', 'SSLHandshake', 'Runtime', 'IllegalArgument', 'ClosedByInterrupt', 'RejectedExecution', 'IllegalState', 'Expected', 'UnsupportedOperation', 'Channel', 'Bind', 'Expected', 'Hazelcast', 'Expected', 'Runtime', 'IO', 'throwHttpIO', 'Runtime', 'InternalError', 'Runtime', 'Runtime', 'Runtime', 'IO', 'throwHttpIO']","['Authentication', 'Authentication', 'Authentication', 'Authentication', 'Authentication', 'Authentication']",0,0,0,0,[]
646,235362151,BUILD,[],False,0,0,0,0,0,416,3639,[],[],0,0,0,0,[]
647,278297304,IT,[],False,0,0,0,0,0,489,1991,[],[],0,0,0,0,[]
648,267584027,BUILD,[],False,0,0,0,0,0,569,2134,[],[],0,0,0,0,[]
649,163744863,CI,[],False,0,0,0,0,0,187,2589,[],[],0,0,0,0,[]
650,231834413,BUILD,[],False,0,0,0,0,0,189,2662,[],[],0,0,0,0,[]
651,264761404,BUILD,[],False,0,0,0,0,0,578,2165,[],[],0,0,0,0,[]
652,267576170,BUILD,[],False,0,0,0,0,0,574,2149,[],[],0,0,0,0,[]
653,223857341,BUILD,[],False,0,0,0,0,0,191,2435,[],[],0,0,0,0,[]
654,208179171,BUILD,['yarn'],False,329,1907,4,527,2001,26040,188330,"['BufferUnderflow', 'Expected', 'Expected', 'Expected', 'Expected', 'InstanceNotFound', 'Expected', 'Timeout', 'IllegalState', 'IllegalArgument', 'IllegalArgument', 'IllegalArgument', 'IllegalArgument', 'IllegalState', 'IllegalArgument', 'IllegalArgument', 'NullPointer', 'IllegalArgument', 'SQL', 'Expected', 'SQL', 'Expected', 'SQL', 'Expected', 'Runtime', 'Runtime', 'set', 'InstanceNotFound', 'IllegalArgument', 'Expected', 'Email', 'Expected', 'Messaging', 'Connect', 'SSLHandshake', 'IllegalState', 'IllegalState', 'IllegalState', 'IllegalState', 'Runtime', 'Runtime', 'IllegalState', 'Expected', 'Runtime', 'Runtime', 'Runtime', 'Runtime', 'IllegalArgument', 'Runtime', 'Elasticsearch', 'NullPointer', 'Sonar', 'Runtime', 'Expected', 'Runtime', 'Expected', 'IllegalArgument', 'Expected', 'Runtime', 'Runtime', 'Interrupted', 'IllegalState', 'InvalidProtocolBuffer', 'Expected', 'RejectedExecution', 'IllegalArgument', 'ClosedByInterrupt', 'IllegalState', 'Expected', 'UnsupportedOperation', 'Channel', 'Bind', 'Expected', 'Hazelcast', 'Expected', 'Runtime', 'IO', 'throwHttpIO', 'Runtime', 'InternalError', 'Runtime', 'Runtime', 'Runtime', 'IO', 'throwHttpIO']","['Authentication', 'Authentication', 'Authentication', 'Authentication', 'Authentication', 'Authentication']",0,0,0,0,[]
655,122435648,IT,[],False,0,0,0,0,0,176,2493,[],[],0,0,0,0,[]
656,169244623,CI,[],False,0,0,0,0,0,197,3760,[],[],0,0,0,0,[]
657,267564927,WEB_TESTS,[],False,0,0,0,0,0,573,2147,[],[],0,0,0,0,[]
658,267576138,BUILD,[],False,0,2,0,0,0,571,2161,[],[],0,0,0,0,[]
659,122435647,IT,[],False,0,0,0,0,0,176,2489,[],[],0,0,0,0,[]
660,229102024,BUILD,[],False,0,0,0,0,0,211,2543,[],[],0,0,0,0,[]
661,235210201,BUILD,[],False,0,0,0,0,0,242,4362,[],[],0,0,0,0,[]
662,226880459,BUILD,[],False,0,0,0,0,0,324,2598,[],[],0,0,0,0,[]
663,235166634,BUILD,[],False,0,0,0,0,0,242,4425,[],[],0,0,0,0,[]
664,261037987,WEB_TESTS,[],False,0,0,0,0,0,572,2143,[],[],0,0,0,0,[]
665,231833018,WEB_TESTS,[],False,0,0,0,0,0,186,2522,[],[],0,0,0,0,[]
666,235215552,BUILD,[],False,0,0,0,0,0,231,3156,[],[],0,0,0,0,[]
667,267565073,WEB_TESTS,[],False,0,0,0,0,0,569,2134,[],[],0,0,0,0,[]
668,267550594,WEB_TESTS,[],False,0,0,0,0,0,569,2134,[],[],0,0,0,0,[]
669,224269723,BUILD,[],False,0,0,0,0,0,512,3778,[],[],0,0,0,0,[]
670,267560652,WEB_TESTS,[],False,0,0,0,0,0,573,2147,[],[],0,0,0,0,[]
671,137436165,IT,[],False,10,0,1,1,0,342,4775,['ProjectBuilding'],[],0,0,0,0,[]
672,221249732,BUILD,[],False,0,2,0,0,0,308,2923,[],[],0,0,0,0,[]
673,223857439,BUILD,[],False,0,0,0,0,0,199,2468,[],[],0,0,0,0,[]
674,235128916,BUILD,[],False,0,0,0,0,0,228,3157,[],[],0,0,0,0,[]
675,235170133,BUILD,[],False,0,0,0,0,0,231,3176,[],[],0,0,0,0,[]
676,235139704,BUILD,[],False,0,0,0,0,0,242,4439,[],[],0,0,0,0,[]
677,267572731,BUILD,[],False,0,20,0,0,0,582,2293,[],[],0,0,0,0,[]
678,223857440,WEB_TESTS,[],False,0,0,0,0,0,199,2473,[],[],0,0,0,0,[]
679,156454449,CI,[],False,0,0,0,0,0,196,3841,[],[],0,0,0,0,[]
680,291393760,BUILD,[],False,0,0,0,0,0,581,2175,[],[],0,0,0,0,[]
681,208168367,BUILD,['yarn'],False,31,1909,4,84,2055,22476,174986,"['BufferUnderflow', 'InstanceNotFound', 'Expected', 'Timeout', 'IllegalState', 'IllegalArgument', 'IllegalArgument', 'IllegalArgument', 'IllegalArgument', 'IllegalState', 'IllegalArgument', 'IllegalArgument', 'NullPointer', 'IllegalArgument', 'SQL', 'Expected', 'SQL', 'Expected', 'SQL', 'Expected', 'set', 'Runtime', 'Runtime', 'Expected', 'Runtime', 'Expected', 'Runtime', 'Expected', 'NullPointer', 'Sonar', 'Runtime', 'Runtime', 'IllegalArgument', 'Runtime', 'Elasticsearch', 'IllegalArgument', 'Expected', 'Runtime', 'Runtime', 'IllegalArgument', 'Expected', 'Runtime', 'IllegalState', 'InvalidProtocolBuffer', 'Email', 'Expected', 'Messaging', 'Connect', 'SSLHandshake', 'Runtime', 'Runtime', 'Runtime', 'InstanceNotFound', 'Interrupted', 'IllegalState', 'Expected', 'IllegalState', 'IllegalState', 'IllegalState', 'IllegalState', 'RejectedExecution', 'IllegalArgument', 'ClosedByInterrupt', 'IllegalState', 'Expected', 'UnsupportedOperation', 'Channel', 'Bind', 'Expected', 'Hazelcast', 'Expected', 'Runtime', 'IO', 'throwHttpIO', 'Runtime', 'InternalError', 'Runtime', 'Runtime', 'Runtime', 'IO', 'throwHttpIO']","['Authentication', 'Authentication', 'Authentication', 'Authentication', 'Authentication', 'Authentication']",0,0,0,0,[]
682,228709888,BUILD,[],False,0,0,0,0,0,207,2319,[],[],0,0,0,0,[]
683,267560651,BUILD,[],False,0,0,0,0,0,573,2147,[],[],0,0,0,0,[]
684,220561679,BUILD,[],False,0,3,0,0,0,269,2762,[],[],0,0,0,0,[]
685,267565240,BUILD,[],False,0,0,0,0,0,568,2132,[],[],0,0,0,0,[]
686,158507694,CI,[],False,0,0,0,0,0,296,2501,[],[],0,0,0,0,[]
687,163745585,CI,[],False,0,0,0,0,0,358,3152,[],[],0,0,0,0,[]
688,224261161,BUILD,[],False,0,0,0,0,0,350,2689,[],[],0,0,0,0,[]
689,261037169,WEB_TESTS,[],False,0,0,0,0,0,568,2130,[],[],0,0,0,0,[]
690,221252928,BUILD,[],False,0,2,0,0,0,405,3785,[],[],0,0,0,0,[]
691,267565094,WEB_TESTS,[],False,0,0,0,0,0,574,2149,[],[],0,0,0,0,[]
692,147019381,WEB,[],False,0,0,0,0,0,186,2951,[],[],0,0,0,0,[]
693,224238385,BUILD,[],False,0,6049,0,0,0,12445,117538,[],[],0,0,0,0,[]
694,231831635,BUILD,[],False,0,0,0,0,0,210,2583,[],[],0,0,0,0,[]
695,267565093,BUILD,[],False,0,0,0,0,0,572,2145,[],[],0,0,0,0,[]
696,274507139,WEB_TESTS,[],False,0,0,0,0,0,485,1958,[],[],0,0,0,0,[]
697,208167958,BUILD,['yarn'],False,329,1906,4,527,2048,25582,185296,"['BufferUnderflow', 'Expected', 'Expected', 'Expected', 'Expected', 'InstanceNotFound', 'Expected', 'IllegalState', 'Timeout', 'IllegalArgument', 'IllegalArgument', 'IllegalArgument', 'IllegalArgument', 'IllegalState', 'IllegalArgument', 'IllegalArgument', 'NullPointer', 'IllegalArgument', 'SQL', 'Expected', 'SQL', 'Expected', 'SQL', 'Expected', 'Expected', 'IllegalState', 'InvalidProtocolBuffer', 'InstanceNotFound', 'IllegalArgument', 'Expected', 'Runtime', 'Runtime', 'IllegalArgument', 'Runtime', 'Elasticsearch', 'Runtime', 'Runtime', 'Runtime', 'Runtime', 'NullPointer', 'Sonar', 'IllegalState', 'Expected', 'Email', 'Expected', 'Messaging', 'Connect', 'SSLHandshake', 'Runtime', 'Runtime', 'Interrupted', 'Runtime', 'Expected', 'Runtime', 'Expected', 'set', 'IllegalState', 'IllegalState', 'IllegalState', 'IllegalState', 'Runtime', 'Runtime', 'IllegalArgument', 'Expected', 'RejectedExecution', 'IllegalArgument', 'ClosedByInterrupt', 'IllegalState', 'Expected', 'UnsupportedOperation', 'Channel', 'Bind', 'Expected', 'Hazelcast', 'Expected', 'Runtime', 'IO', 'throwHttpIO', 'Runtime', 'InternalError', 'Runtime', 'Runtime', 'Runtime', 'IO', 'throwHttpIO']","['Authentication', 'Authentication', 'Authentication', 'Authentication', 'Authentication', 'Authentication']",0,0,0,0,[]
698,278297303,CI,[],False,0,0,0,0,0,488,1988,[],[],0,0,0,0,[]
699,122435649,IT,[],False,0,0,0,0,0,176,2508,[],[],0,0,0,0,[]
700,267542577,BUILD,[],False,0,0,0,0,0,574,2149,[],[],0,0,0,0,[]
701,267565072,BUILD,[],False,0,0,0,0,0,569,2134,[],[],0,0,0,0,[]
702,224262172,BUILD,[],False,0,0,0,0,0,359,2708,[],[],0,0,0,0,[]
703,229102025,WEB_TESTS,[],False,0,0,0,0,0,211,2524,[],[],0,0,0,0,[]
704,278297305,IT,[],False,0,0,0,0,0,489,1991,[],[],0,0,0,0,[]
705,224253133,BUILD,[],False,0,6049,0,0,0,12445,117569,[],[],0,0,0,0,[]
706,231832232,BUILD,[],False,0,0,0,0,0,216,2600,[],[],0,0,0,0,[]
707,291394047,BUILD,[],False,0,0,0,0,0,576,2160,[],[],0,0,0,0,[]
708,221251581,BUILD,[],False,0,2,0,0,0,405,3785,[],[],0,0,0,0,[]
709,267554075,WEB_TESTS,[],False,0,0,0,0,0,574,2149,[],[],0,0,0,0,[]
710,278297309,WEB,[],False,0,0,0,0,0,488,1988,[],[],0,0,0,0,[]
711,122435645,IT,[],False,0,0,0,0,0,176,2502,[],[],0,0,0,0,[]
712,286157817,BUILD,[],False,14,0,2,0,0,782,7343,"['ProjectBuilding', 'ModelParse', 'XmlPullParser']",[],0,0,0,0,[]
713,145628005,CI,[],False,0,0,0,0,0,183,2600,[],[],0,0,0,0,[]
714,203764205,BUILD,[],False,0,0,0,0,0,263,2773,[],[],0,0,0,0,[]
715,138884960,IT,[],False,0,0,0,0,0,293,3667,[],[],0,0,0,0,[]
716,253111598,Info,[],False,0,0,0,0,0,522,2362,[],[],0,0,0,0,[]
717,131630178,CI,[],False,0,0,0,0,0,179,2479,[],[],0,0,0,0,[]
718,203734443,BUILD,[],False,0,0,0,0,0,214,2473,[],[],0,0,0,0,[]
719,203760434,BUILD,[],False,0,0,0,0,0,276,4127,[],[],0,0,0,0,[]
720,138883375,IT,[],False,0,0,0,0,0,293,3606,[],[],0,0,0,0,[]
721,138884963,WEB,[],False,0,0,0,0,0,292,3640,[],[],0,0,0,0,[]
722,253123116,Info,[],False,0,3,0,0,0,663,2726,[],[],0,0,0,0,[]
723,138884962,IT,[],False,0,0,0,0,0,293,3682,[],[],0,0,0,0,[]
724,137273297,IT,[],False,10,0,1,1,0,342,4638,['ProjectBuilding'],[],0,0,0,0,[]
725,145743285,WEB,[],False,0,0,0,0,0,216,3009,[],[],0,0,0,0,[]
726,138884957,CI,[],False,0,0,0,0,0,292,3669,[],[],0,0,0,0,[]
727,247947503,WEB_TESTS,[],False,0,0,0,0,0,460,2033,[],[],0,0,0,0,[]
728,138883377,IT,[],False,0,0,0,0,0,293,3596,[],[],0,0,0,0,[]
729,137273275,IT,[],False,10,0,1,1,0,333,3575,['ProjectBuilding'],[],0,0,0,0,[]
730,137436162,CI,[],False,10,0,1,1,0,343,4652,['ProjectBuilding'],[],0,0,0,0,[]
731,137273301,IT,[],False,10,0,1,1,0,646,6298,['ProjectBuilding'],[],0,0,0,0,[]
732,128891371,CI,[],False,11,1534,2,34,1528,5688,41186,"['BufferUnderflow', 'Runtime', 'IO', 'throwHttpIO', 'Runtime', 'InternalError', 'Runtime', 'Runtime', 'Runtime', 'IO', 'throwHttpIO']",[],0,0,0,0,[]
733,253125648,Info,[],False,0,0,0,0,0,661,2695,[],[],0,0,0,0,[]
734,203741336,BUILD,[],False,0,0,0,0,0,345,3438,[],[],0,0,0,0,[]
735,137436157,IT,[],False,10,0,1,1,0,333,3571,['ProjectBuilding'],[],0,0,0,0,[]
736,141022142,CI,[],False,11,1597,2,33,1590,5533,41857,"['BufferUnderflow', 'Runtime', 'IO', 'throwHttpIO', 'Runtime', 'InternalError', 'Runtime', 'Runtime', 'Runtime', 'IO', 'throwHttpIO']",[],0,0,0,0,[]
737,137436156,IT,[],False,10,0,1,1,0,333,3571,['ProjectBuilding'],[],0,0,0,0,[]
738,259439904,BUILD,[],False,0,0,0,0,0,546,2038,[],[],0,0,0,0,[]
739,137436158,IT,[],False,10,0,1,1,0,333,3676,['ProjectBuilding'],[],0,0,0,0,[]
740,138883378,WEB,[],False,0,0,0,0,0,292,3612,[],[],0,0,0,0,[]
741,208165843,BUILD,['yarn'],False,13,1885,4,308,1934,19453,148721,"['BufferUnderflow', 'IllegalState', 'InstanceNotFound', 'Expected', 'IllegalArgument', 'IllegalArgument', 'IllegalArgument', 'IllegalArgument', 'IllegalState', 'IllegalArgument', 'NullPointer', 'IllegalArgument', 'IllegalArgument', 'SQL', 'Expected', 'SQL', 'Expected', 'SQL', 'Expected', 'Runtime', 'Runtime', 'NullPointer', 'Expected', 'IllegalState', 'IllegalState', 'IllegalState', 'IllegalState', 'IllegalState', 'InvalidProtocolBuffer', 'Interrupted', 'Runtime', 'Runtime', 'NullPointer', 'Sonar', 'IllegalState', 'Expected', 'InstanceNotFound', 'Email', 'Expected', 'Messaging', 'Connect', 'SSLHandshake', 'Runtime', 'Runtime', 'IllegalArgument', 'Expected', 'Runtime', 'Runtime', 'IllegalArgument', 'Runtime', 'Elasticsearch', 'Runtime', 'set', 'Runtime', 'Expected', 'Runtime', 'Expected', 'IllegalArgument', 'Expected', 'Runtime', 'IllegalArgument', 'ClosedByInterrupt', 'RejectedExecution', 'IllegalState', 'Expected', 'UnsupportedOperation', 'Runtime', 'IO', 'throwHttpIO', 'Runtime', 'InternalError', 'Runtime', 'Runtime', 'Runtime', 'IO', 'throwHttpIO']","['Authentication', 'Authentication', 'Authentication', 'Authentication', 'Authentication', 'Authentication']",0,0,0,0,[]
742,137436159,IT,[],False,10,0,1,1,0,333,3584,['ProjectBuilding'],[],0,0,0,0,[]
743,203511986,CI,[],False,0,3,0,0,0,209,2512,[],[],0,0,0,0,[]
744,145743279,WEB,[],False,0,0,0,0,0,208,2725,[],[],0,0,0,0,[]
745,145743284,CI,[],False,0,0,0,0,0,216,3129,[],[],0,0,0,0,[]
746,138884959,IT,[],False,0,0,0,0,0,293,3667,[],[],0,0,0,0,[]
747,122436039,IT,[],False,0,0,0,0,0,174,2390,[],[],0,0,0,0,[]
748,122436041,WEB,[],False,0,0,0,0,0,175,2423,[],[],0,0,0,0,[]
749,137273299,IT,[],False,10,0,1,1,0,342,4608,['ProjectBuilding'],[],0,0,0,0,[]
750,137436155,IT,[],False,10,0,1,1,0,333,3566,['ProjectBuilding'],[],0,0,0,0,[]
751,203759884,BUILD,[],False,0,0,0,0,0,263,2897,[],[],0,0,0,0,[]
752,249523087,BUILD,[],False,0,0,0,0,0,434,1824,[],[],0,0,0,0,[]
753,261037168,BUILD,[],False,0,0,0,0,0,568,2130,[],[],0,0,0,0,[]
754,145625943,CI,[],False,11,1662,6,1061,1619,16621,120480,"['BufferUnderflow', 'Timeout', 'InstanceNotFound', 'Expected', 'IllegalState', 'IllegalArgument', 'IllegalArgument', 'IllegalArgument', 'IllegalArgument', 'IllegalState', 'IllegalArgument', 'IllegalArgument', 'NullPointer', 'IllegalArgument', 'SQL', 'Expected', 'SQL', 'Expected', 'SQL', 'Expected', 'IllegalArgument', 'Runtime', 'Runtime', 'Interrupted', 'Runtime', 'Runtime', 'InstanceNotFound', 'IllegalArgument', 'Expected', 'UnsupportedOperation', 'Expected', 'IllegalArgument', 'Expected', 'IllegalState', 'Unauthorized', 'Expected', 'Unauthorized', 'Expected', 'Unauthorized', 'Expected', 'NullPointer', 'Sonar', 'set', 'IllegalState', 'IllegalState', 'IllegalState', 'IllegalArgument', 'Expected', 'IllegalArgument', 'Expected', 'Email', 'Expected', 'Messaging', 'Connect', 'Email', 'Expected', 'Messaging', 'Connect', 'SSLHandshake', 'Email', 'Expected', 'Messaging', 'SSLHandshake', 'getSSL', 'getSSL', 'Runtime', 'Runtime', 'RejectedExecution', 'IllegalArgument', 'IllegalState', 'Expected', 'Parse', 'Runtime', 'IO', 'throwHttpIO', 'Runtime', 'InternalError', 'Runtime', 'Runtime', 'Runtime', 'IO', 'throwHttpIO']","['Authentication', 'Authentication', 'Authentication', 'Authentication', 'Authentication', 'Authentication']",0,0,0,0,[]
755,145747192,CI,[],False,0,0,0,0,0,191,2764,[],[],0,0,0,0,[]
756,249536044,BUILD,[],False,0,0,0,0,0,439,1836,[],[],0,0,0,0,[]
757,253123115,,[],False,0,0,0,0,0,547,2044,[],[],0,0,0,0,[]
758,145733537,IT,[],False,0,0,0,0,0,232,3037,[],[],0,0,0,0,[]
759,203738587,WEB_TESTS,[],False,0,1,0,0,0,223,4656,[],[],0,0,0,0,[]
760,130039416,IT,[],False,0,0,0,0,0,202,2569,[],[],0,0,0,0,[]
761,137273270,IT,[],False,10,0,1,1,0,333,3691,['ProjectBuilding'],[],0,0,0,0,[]
762,203734858,BUILD,[],False,0,0,0,0,0,210,2483,[],[],0,0,0,0,[]
763,237910431,WEB_TESTS,[],False,0,1,0,0,0,225,3427,[],[],0,0,0,0,[]
764,137273267,CI,[],False,10,0,1,1,0,334,3576,['ProjectBuilding'],[],0,0,0,0,[]
765,137273296,CI,[],False,10,0,1,1,0,343,4634,['ProjectBuilding'],[],0,0,0,0,[]
766,203596878,BUILD,[],False,0,3,0,0,0,205,2483,[],[],0,0,0,0,[]
767,122435644,CI,[],False,0,0,0,0,0,175,2520,[],[],0,0,0,0,[]
768,259441371,WEB_TESTS,[],False,0,0,0,0,0,546,2038,[],[],0,0,0,0,[]
769,203150788,WEB,[],False,0,4,0,0,0,226,4723,[],[],0,0,0,0,[]
770,248857701,BUILD,[],False,0,0,0,0,0,434,1824,[],[],0,0,0,0,[]
771,137273272,IT,[],False,10,0,1,1,0,333,3560,['ProjectBuilding'],[],0,0,0,0,[]
772,138884958,IT,[],False,0,0,0,0,0,293,3667,[],[],0,0,0,0,[]
773,203594695,BUILD,[],False,0,3,0,0,0,209,2510,[],[],0,0,0,0,[]
774,137273300,IT,[],False,10,0,1,1,0,342,4642,['ProjectBuilding'],[],0,0,0,0,[]
775,145664758,IT,[],False,0,0,0,0,0,216,3172,[],[],0,0,0,0,[]
776,259440841,WEB_TESTS,[],False,0,0,0,0,0,546,2038,[],[],0,0,0,0,[]
777,192302335,WEB,[],False,0,0,0,0,0,203,2637,[],[],0,0,0,0,[]
778,207418839,BUILD,[],False,0,0,0,0,0,272,2960,[],[],0,0,0,0,[]
779,145743278,CI,[],False,0,0,0,0,0,208,2788,[],[],0,0,0,0,[]
780,137436163,IT,[],False,10,0,1,1,0,342,4645,['ProjectBuilding'],[],0,0,0,0,[]
781,147019380,CI,[],False,0,0,0,0,0,185,2474,[],[],0,0,0,0,[]
782,122436038,IT,[],False,0,0,0,0,0,176,2412,[],[],0,0,0,0,[]
783,137273269,IT,[],False,10,0,1,1,0,333,3565,['ProjectBuilding'],[],0,0,0,0,[]
784,137273268,IT,[],False,10,0,1,1,0,333,3589,['ProjectBuilding'],[],0,0,0,0,[]
785,138883374,IT,[],False,0,0,0,0,0,293,3606,[],[],0,0,0,0,[]
786,138884961,IT,[],False,0,0,0,0,0,293,3663,[],[],0,0,0,0,[]
787,138883376,IT,[],False,0,0,0,0,0,293,3606,[],[],0,0,0,0,[]
788,247946772,WEB_TESTS,[],False,0,11,0,0,0,468,2153,[],[],0,0,0,0,[]
789,236303724,BUILD,[],False,0,0,0,0,0,242,3306,[],[],0,0,0,0,[]
790,137273298,IT,[],False,10,0,1,1,0,342,4628,['ProjectBuilding'],[],0,0,0,0,[]
791,203596911,BUILD,[],False,0,3,0,0,0,214,3342,[],[],0,0,0,0,[]
792,122436040,IT,[],False,0,0,0,0,0,176,2412,[],[],0,0,0,0,[]
793,137436154,CI,[],False,10,0,1,1,0,334,3576,['ProjectBuilding'],[],0,0,0,0,[]
794,145633359,CI,[],False,0,0,0,0,0,191,2817,[],[],0,0,0,0,[]
795,122436037,IT,[],False,0,0,0,0,0,176,2421,[],[],0,0,0,0,[]
796,203594820,BUILD,[],False,0,3,0,0,0,220,3414,[],[],0,0,0,0,[]
797,249545416,BUILD,[],False,0,0,0,0,0,439,1836,[],[],0,0,0,0,[]
798,138883373,IT,[],False,0,0,0,0,0,293,3606,[],[],0,0,0,0,[]
799,169540044,CI,[],False,0,0,0,0,0,198,3519,[],[],0,0,0,0,[]
